order_id,customer_id,order_date,order_status,region,state,category,product_id,quantity,unit_price,discount,payment_method,sales,profit,order_month
ORD1000,CUST754,2023-01-01,canceled,North,Uttar Pradesh,Electronics,PROD5098,3,726,15,Debit Card,2178,544.5,2023-01
ORD1001,CUST214,2023-01-02,shipped,East,Karnataka,Home & Kitchen,PROD4704,4,3424,5,Cash on Delivery,13696,2054.4,2023-01
ORD1002,CUST125,2023-01-03,returned,East,West Bengal,Home & Kitchen,PROD8711,1,2453,15,Net Banking,2453,613.25,2023-01
ORD1003,CUST859,2023-01-04,processing,East,West Bengal,Home & Kitchen,PROD7477,3,3544,10,Net Banking,10632,2126.4,2023-01
ORD1004,CUST381,2023-01-05,shipped,West,Tamil Nadu,Books,PROD7132,3,4165,0,Net Banking,12495,1249.5,2023-01
ORD1005,CUST350,2023-01-06,delivered,North,Karnataka,Fashion,PROD5903,4,2075,5,Net Banking,8300,1245.0000000000002,2023-01
ORD1006,CUST328,2023-01-07,returned,North,Uttar Pradesh,Fashion,PROD6971,1,1963,5,UPI,1963,294.45000000000005,2023-01
ORD1007,CUST242,2023-01-08,canceled,North,Maharashtra,Sports,PROD8017,1,720,5,UPI,720,108.00000000000001,2023-01
ORD1008,CUST854,2023-01-09,delivered,North,West Bengal,Electronics,PROD3984,3,1216,15,Cash on Delivery,3648,912.0,2023-01
ORD1009,CUST204,2023-01-10,returned,South,Maharashtra,Electronics,PROD9788,2,316,10,UPI,632,126.4,2023-01
ORD1010,CUST792,2023-01-11,returned,South,Gujarat,Home & Kitchen,PROD5415,3,2633,5,Cash on Delivery,7899,1184.8500000000001,2023-01
ORD1011,CUST858,2023-01-12,returned,East,Maharashtra,Beauty,PROD2780,3,783,5,Credit Card,2349,352.3500000000001,2023-01
ORD1012,CUST658,2023-01-13,returned,East,Maharashtra,Electronics,PROD8185,3,594,0,Cash on Delivery,1782,178.20000000000002,2023-01
ORD1013,CUST189,2023-01-14,returned,West,Delhi,Sports,PROD8198,3,3988,0,Debit Card,11964,1196.4,2023-01
ORD1014,CUST704,2023-01-15,delivered,Central,Maharashtra,Fashion,PROD3651,4,2968,10,Debit Card,11872,2374.4,2023-01
ORD1015,CUST532,2023-01-16,processing,East,Uttar Pradesh,Electronics,PROD3291,1,4367,10,UPI,4367,873.4000000000001,2023-01
ORD1016,CUST132,2023-01-17,processing,North,Maharashtra,Sports,PROD6795,4,4060,20,Debit Card,16240,4872.000000000001,2023-01
ORD1017,CUST130,2023-01-18,delivered,East,West Bengal,Fashion,PROD8110,4,473,0,Net Banking,1892,189.20000000000002,2023-01
ORD1018,CUST195,2023-01-19,processing,East,Delhi,Beauty,PROD1095,4,2213,20,Cash on Delivery,8852,2655.6000000000004,2023-01
ORD1019,CUST323,2023-01-20,canceled,South,Karnataka,Home & Kitchen,PROD6885,3,4633,15,Net Banking,13899,3474.75,2023-01
ORD1020,CUST338,2023-01-21,canceled,North,Tamil Nadu,Home & Kitchen,PROD4251,2,1589,20,Net Banking,3178,953.4000000000001,2023-01
ORD1021,CUST617,2023-01-22,delivered,West,West Bengal,Home & Kitchen,PROD2813,1,3766,5,UPI,3766,564.9000000000001,2023-01
ORD1022,CUST716,2023-01-23,canceled,West,Karnataka,Electronics,PROD4105,2,4902,20,Credit Card,9804,2941.2000000000003,2023-01
ORD1023,CUST127,2023-01-24,delivered,West,Karnataka,Sports,PROD5667,4,365,10,Cash on Delivery,1460,292.0,2023-01
ORD1024,CUST674,2023-01-25,canceled,East,Tamil Nadu,Home & Kitchen,PROD1659,4,1767,15,Net Banking,7068,1767.0,2023-01
ORD1025,CUST303,2023-01-26,shipped,West,Maharashtra,Fashion,PROD3190,2,928,5,UPI,1856,278.40000000000003,2023-01
ORD1026,CUST833,2023-01-27,delivered,West,Maharashtra,Books,PROD7464,2,2243,20,Debit Card,4486,1345.8000000000002,2023-01
ORD1027,CUST765,2023-01-28,returned,West,Uttar Pradesh,Sports,PROD7898,2,4397,15,Credit Card,8794,2198.5,2023-01
ORD1028,CUST818,2023-01-29,canceled,South,Maharashtra,Sports,PROD6426,4,3696,15,UPI,14784,3696.0,2023-01
ORD1029,CUST658,2023-01-30,shipped,North,Maharashtra,Books,PROD1517,4,978,5,Net Banking,3912,586.8000000000001,2023-01
ORD1030,CUST529,2023-01-31,delivered,South,Uttar Pradesh,Electronics,PROD3626,1,413,20,UPI,413,123.90000000000002,2023-01
ORD1031,CUST325,2023-02-01,canceled,North,West Bengal,Books,PROD4260,1,3962,15,Net Banking,3962,990.5,2023-02
ORD1032,CUST559,2023-02-02,returned,South,Gujarat,Electronics,PROD8852,4,1776,15,Debit Card,7104,1776.0,2023-02
ORD1033,CUST703,2023-02-03,canceled,North,Tamil Nadu,Beauty,PROD5354,2,2648,0,Cash on Delivery,5296,529.6,2023-02
ORD1034,CUST384,2023-02-04,shipped,West,Uttar Pradesh,Beauty,PROD2946,2,3136,15,Cash on Delivery,6272,1568.0,2023-02
ORD1035,CUST928,2023-02-05,processing,Central,West Bengal,Electronics,PROD7899,1,3317,0,Debit Card,3317,331.70000000000005,2023-02
ORD1036,CUST990,2023-02-06,processing,West,Maharashtra,Electronics,PROD9012,4,791,20,Net Banking,3164,949.2000000000002,2023-02
ORD1037,CUST106,2023-02-07,shipped,Central,West Bengal,Sports,PROD9119,1,2920,20,UPI,2920,876.0000000000001,2023-02
ORD1038,CUST877,2023-02-08,shipped,West,Maharashtra,Sports,PROD3087,1,913,20,Debit Card,913,273.90000000000003,2023-02
ORD1039,CUST925,2023-02-09,delivered,South,Maharashtra,Electronics,PROD6322,3,1135,10,Credit Card,3405,681.0,2023-02
ORD1040,CUST263,2023-02-10,processing,Central,Gujarat,Sports,PROD7551,3,4537,20,Debit Card,13611,4083.3000000000006,2023-02
ORD1041,CUST814,2023-02-11,delivered,West,Uttar Pradesh,Electronics,PROD9222,3,201,15,Net Banking,603,150.75,2023-02
ORD1042,CUST532,2023-02-12,canceled,East,Tamil Nadu,Sports,PROD7370,2,3048,5,UPI,6096,914.4000000000001,2023-02
ORD1043,CUST448,2023-02-13,shipped,Central,Delhi,Electronics,PROD3153,4,4244,0,Cash on Delivery,16976,1697.6000000000001,2023-02
ORD1044,CUST384,2023-02-14,delivered,North,West Bengal,Fashion,PROD2797,4,2149,10,Debit Card,8596,1719.2,2023-02
ORD1045,CUST259,2023-02-15,shipped,South,Gujarat,Books,PROD2767,4,1117,20,Credit Card,4468,1340.4,2023-02
ORD1046,CUST320,2023-02-16,delivered,West,West Bengal,Electronics,PROD1346,4,3374,20,Cash on Delivery,13496,4048.8000000000006,2023-02
ORD1047,CUST881,2023-02-17,canceled,West,Uttar Pradesh,Fashion,PROD3066,3,2441,5,UPI,7323,1098.4500000000003,2023-02
ORD1048,CUST444,2023-02-18,canceled,North,Gujarat,Home & Kitchen,PROD3548,2,289,5,UPI,578,86.70000000000002,2023-02
ORD1049,CUST204,2023-02-19,returned,West,Tamil Nadu,Fashion,PROD6638,2,1909,10,Credit Card,3818,763.6,2023-02
ORD1050,CUST194,2023-02-20,processing,West,Maharashtra,Books,PROD9192,3,2369,0,UPI,7107,710.7,2023-02
ORD1051,CUST489,2023-02-21,returned,North,West Bengal,Home & Kitchen,PROD1223,2,4438,20,UPI,8876,2662.8,2023-02
ORD1052,CUST199,2023-02-22,processing,North,Tamil Nadu,Books,PROD4874,3,3241,10,Cash on Delivery,9723,1944.6000000000001,2023-02
ORD1053,CUST467,2023-02-23,canceled,East,Karnataka,Beauty,PROD1852,4,305,15,Credit Card,1220,305.0,2023-02
ORD1054,CUST967,2023-02-24,delivered,East,Karnataka,Sports,PROD6605,3,1086,15,Cash on Delivery,3258,814.5,2023-02
ORD1055,CUST452,2023-02-25,shipped,North,Delhi,Beauty,PROD8039,4,627,10,UPI,2508,501.6,2023-02
ORD1056,CUST718,2023-02-26,canceled,Central,West Bengal,Books,PROD1131,4,2095,20,Credit Card,8380,2514.0000000000005,2023-02
ORD1057,CUST370,2023-02-27,canceled,Central,Maharashtra,Electronics,PROD8116,1,516,10,UPI,516,103.2,2023-02
ORD1058,CUST926,2023-02-28,delivered,Central,West Bengal,Fashion,PROD8867,3,834,20,Net Banking,2502,750.6000000000001,2023-02
ORD1059,CUST144,2023-03-01,canceled,South,Delhi,Books,PROD5742,1,2125,5,Net Banking,2125,318.75000000000006,2023-03
ORD1060,CUST847,2023-03-02,canceled,East,Karnataka,Home & Kitchen,PROD5623,3,2256,10,Credit Card,6768,1353.6000000000001,2023-03
ORD1061,CUST570,2023-03-03,delivered,Central,Gujarat,Home & Kitchen,PROD8961,3,3344,20,UPI,10032,3009.6000000000004,2023-03
ORD1062,CUST649,2023-03-04,canceled,Central,Delhi,Fashion,PROD2353,1,2470,10,UPI,2470,494.0,2023-03
ORD1063,CUST227,2023-03-05,processing,Central,West Bengal,Electronics,PROD8027,1,1639,10,Credit Card,1639,327.8,2023-03
ORD1064,CUST487,2023-03-06,processing,North,West Bengal,Fashion,PROD5059,3,752,20,Cash on Delivery,2256,676.8000000000001,2023-03
ORD1065,CUST180,2023-03-07,processing,West,Gujarat,Beauty,PROD3498,2,915,20,Credit Card,1830,549.0000000000001,2023-03
ORD1066,CUST665,2023-03-08,processing,South,Gujarat,Beauty,PROD9376,4,4111,0,Net Banking,16444,1644.4,2023-03
ORD1067,CUST400,2023-03-09,canceled,West,Karnataka,Electronics,PROD4061,1,1913,10,Cash on Delivery,1913,382.6,2023-03
ORD1068,CUST949,2023-03-10,shipped,East,Karnataka,Fashion,PROD5087,4,3589,15,Net Banking,14356,3589.0,2023-03
ORD1069,CUST743,2023-03-11,processing,West,Tamil Nadu,Beauty,PROD5606,2,1307,10,Net Banking,2614,522.8000000000001,2023-03
ORD1070,CUST733,2023-03-12,processing,South,Gujarat,Home & Kitchen,PROD2884,2,4406,10,Debit Card,8812,1762.4,2023-03
ORD1071,CUST982,2023-03-13,canceled,Central,Maharashtra,Home & Kitchen,PROD5317,2,450,20,Net Banking,900,270.00000000000006,2023-03
ORD1072,CUST470,2023-03-14,returned,Central,Karnataka,Sports,PROD5052,1,2630,10,Cash on Delivery,2630,526.0,2023-03
ORD1073,CUST691,2023-03-15,canceled,North,Gujarat,Fashion,PROD8031,2,2254,10,Credit Card,4508,901.6,2023-03
ORD1074,CUST296,2023-03-16,delivered,North,Maharashtra,Electronics,PROD4250,1,658,15,Credit Card,658,164.5,2023-03
ORD1075,CUST821,2023-03-17,processing,South,Delhi,Home & Kitchen,PROD8764,2,407,20,UPI,814,244.20000000000005,2023-03
ORD1076,CUST171,2023-03-18,delivered,Central,Delhi,Home & Kitchen,PROD2688,4,1099,10,Credit Card,4396,879.2,2023-03
ORD1077,CUST146,2023-03-19,processing,West,Karnataka,Books,PROD9230,4,3661,5,Cash on Delivery,14644,2196.6000000000004,2023-03
ORD1078,CUST777,2023-03-20,returned,West,Maharashtra,Beauty,PROD3968,3,3585,0,Debit Card,10755,1075.5,2023-03
ORD1079,CUST333,2023-03-21,shipped,South,Karnataka,Home & Kitchen,PROD4091,4,221,15,Debit Card,884,221.0,2023-03
ORD1080,CUST891,2023-03-22,returned,North,Gujarat,Books,PROD3436,3,609,10,Debit Card,1827,365.40000000000003,2023-03
ORD1081,CUST396,2023-03-23,canceled,West,Karnataka,Books,PROD4758,4,1094,5,Credit Card,4376,656.4000000000001,2023-03
ORD1082,CUST181,2023-03-24,canceled,East,Tamil Nadu,Fashion,PROD2973,1,714,10,Net Banking,714,142.8,2023-03
ORD1083,CUST975,2023-03-25,delivered,South,Delhi,Fashion,PROD3167,4,4309,10,Credit Card,17236,3447.2000000000003,2023-03
ORD1084,CUST338,2023-03-26,delivered,East,Maharashtra,Sports,PROD7574,3,2334,20,Credit Card,7002,2100.6000000000004,2023-03
ORD1085,CUST987,2023-03-27,canceled,East,Delhi,Beauty,PROD1628,3,3795,20,Net Banking,11385,3415.5000000000005,2023-03
ORD1086,CUST203,2023-03-28,canceled,North,Tamil Nadu,Fashion,PROD5486,2,3156,20,Credit Card,6312,1893.6000000000004,2023-03
ORD1087,CUST489,2023-03-29,canceled,Central,Uttar Pradesh,Fashion,PROD4148,1,1760,5,UPI,1760,264.00000000000006,2023-03
ORD1088,CUST384,2023-03-30,processing,South,Delhi,Beauty,PROD3395,4,1466,10,Credit Card,5864,1172.8,2023-03
ORD1089,CUST564,2023-03-31,returned,Central,Tamil Nadu,Beauty,PROD7984,2,2369,0,Cash on Delivery,4738,473.8,2023-03
ORD1090,CUST750,2023-04-01,processing,West,West Bengal,Beauty,PROD1289,4,3838,15,UPI,15352,3838.0,2023-04
ORD1091,CUST954,2023-04-02,shipped,West,Delhi,Beauty,PROD4270,4,949,20,Debit Card,3796,1138.8000000000002,2023-04
ORD1092,CUST473,2023-04-03,processing,South,Maharashtra,Sports,PROD2489,2,3627,20,Cash on Delivery,7254,2176.2000000000003,2023-04
ORD1093,CUST266,2023-04-04,canceled,North,Tamil Nadu,Books,PROD1834,2,4980,10,Credit Card,9960,1992.0,2023-04
ORD1094,CUST479,2023-04-05,processing,West,Uttar Pradesh,Home & Kitchen,PROD7231,2,2127,10,UPI,4254,850.8000000000001,2023-04
ORD1095,CUST463,2023-04-06,delivered,West,Gujarat,Electronics,PROD7673,2,4004,5,UPI,8008,1201.2000000000003,2023-04
ORD1096,CUST314,2023-04-07,canceled,Central,Delhi,Beauty,PROD9601,2,3902,5,Debit Card,7804,1170.6000000000001,2023-04
ORD1097,CUST786,2023-04-08,returned,West,Tamil Nadu,Fashion,PROD6020,4,2556,20,Cash on Delivery,10224,3067.2000000000003,2023-04
ORD1098,CUST373,2023-04-09,processing,North,Uttar Pradesh,Electronics,PROD4791,2,4990,10,UPI,9980,1996.0,2023-04
ORD1099,CUST818,2023-04-10,canceled,West,West Bengal,Books,PROD4633,1,2535,0,Cash on Delivery,2535,253.5,2023-04
ORD1100,CUST799,2023-04-11,delivered,West,Maharashtra,Sports,PROD6507,3,506,15,Credit Card,1518,379.5,2023-04
ORD1101,CUST763,2023-04-12,delivered,East,Delhi,Electronics,PROD7980,2,3865,10,Net Banking,7730,1546.0,2023-04
ORD1102,CUST173,2023-04-13,processing,North,West Bengal,Electronics,PROD8851,2,2189,10,Net Banking,4378,875.6,2023-04
ORD1103,CUST723,2023-04-14,canceled,West,Karnataka,Home & Kitchen,PROD2005,4,861,5,Credit Card,3444,516.6,2023-04
ORD1104,CUST750,2023-04-15,returned,North,Maharashtra,Home & Kitchen,PROD9353,2,4844,15,Credit Card,9688,2422.0,2023-04
ORD1105,CUST275,2023-04-16,shipped,North,Maharashtra,Beauty,PROD7997,2,511,20,Debit Card,1022,306.6,2023-04
ORD1106,CUST646,2023-04-17,delivered,West,Maharashtra,Fashion,PROD1846,2,3120,10,Cash on Delivery,6240,1248.0,2023-04
ORD1107,CUST846,2023-04-18,shipped,West,Maharashtra,Beauty,PROD5985,4,1282,20,Debit Card,5128,1538.4000000000003,2023-04
ORD1108,CUST350,2023-04-19,returned,North,Uttar Pradesh,Electronics,PROD2803,2,3171,10,UPI,6342,1268.4,2023-04
ORD1109,CUST267,2023-04-20,processing,Central,West Bengal,Beauty,PROD5411,3,954,20,Credit Card,2862,858.6000000000001,2023-04
ORD1110,CUST573,2023-04-21,delivered,Central,Karnataka,Electronics,PROD6956,4,4330,15,Debit Card,17320,4330.0,2023-04
ORD1111,CUST488,2023-04-22,shipped,North,Gujarat,Books,PROD5596,3,4740,5,Net Banking,14220,2133.0000000000005,2023-04
ORD1112,CUST376,2023-04-23,delivered,North,Delhi,Books,PROD6751,4,552,15,Credit Card,2208,552.0,2023-04
ORD1113,CUST755,2023-04-24,shipped,Central,Maharashtra,Fashion,PROD7849,2,1102,0,UPI,2204,220.4,2023-04
ORD1114,CUST804,2023-04-25,canceled,Central,Delhi,Sports,PROD5046,3,4088,5,Cash on Delivery,12264,1839.6000000000004,2023-04
ORD1115,CUST670,2023-04-26,canceled,East,Tamil Nadu,Electronics,PROD6240,4,358,15,Debit Card,1432,358.0,2023-04
ORD1116,CUST324,2023-04-27,processing,Central,West Bengal,Books,PROD1779,1,2177,0,Cash on Delivery,2177,217.70000000000002,2023-04
ORD1117,CUST801,2023-04-28,returned,Central,West Bengal,Books,PROD3977,2,1156,10,Net Banking,2312,462.40000000000003,2023-04
ORD1118,CUST432,2023-04-29,delivered,South,Maharashtra,Books,PROD1669,4,2271,10,Debit Card,9084,1816.8000000000002,2023-04
ORD1119,CUST963,2023-04-30,returned,West,Maharashtra,Sports,PROD1008,1,603,20,Credit Card,603,180.90000000000003,2023-04
ORD1120,CUST886,2023-05-01,shipped,East,West Bengal,Home & Kitchen,PROD1854,4,4811,5,UPI,19244,2886.6000000000004,2023-05
ORD1121,CUST894,2023-05-02,processing,East,Delhi,Beauty,PROD6269,1,2979,10,UPI,2979,595.8000000000001,2023-05
ORD1122,CUST157,2023-05-03,canceled,North,Karnataka,Beauty,PROD4473,2,1587,5,Cash on Delivery,3174,476.1000000000001,2023-05
ORD1123,CUST334,2023-05-04,canceled,South,Tamil Nadu,Books,PROD5674,3,3653,10,UPI,10959,2191.8,2023-05
ORD1124,CUST941,2023-05-05,processing,West,West Bengal,Books,PROD8734,1,1155,20,Credit Card,1155,346.50000000000006,2023-05
ORD1125,CUST132,2023-05-06,delivered,East,Karnataka,Sports,PROD5590,4,1912,15,UPI,7648,1912.0,2023-05
ORD1126,CUST924,2023-05-07,returned,Central,Delhi,Home & Kitchen,PROD2650,2,4903,20,Net Banking,9806,2941.8000000000006,2023-05
ORD1127,CUST423,2023-05-08,shipped,Central,Uttar Pradesh,Books,PROD8059,1,1473,0,Cash on Delivery,1473,147.3,2023-05
ORD1128,CUST510,2023-05-09,returned,Central,Maharashtra,Books,PROD4028,4,4011,10,Credit Card,16044,3208.8,2023-05
ORD1129,CUST374,2023-05-10,canceled,West,Uttar Pradesh,Home & Kitchen,PROD5133,4,2825,0,Cash on Delivery,11300,1130.0,2023-05
ORD1130,CUST167,2023-05-11,processing,East,West Bengal,Home & Kitchen,PROD9049,4,2582,0,Net Banking,10328,1032.8,2023-05
ORD1131,CUST316,2023-05-12,canceled,West,Gujarat,Electronics,PROD6956,1,1641,5,Credit Card,1641,246.15000000000003,2023-05
ORD1132,CUST680,2023-05-13,canceled,North,Delhi,Home & Kitchen,PROD6476,1,3179,10,Credit Card,3179,635.8000000000001,2023-05
ORD1133,CUST997,2023-05-14,shipped,North,Delhi,Sports,PROD5986,1,1997,0,Credit Card,1997,199.70000000000002,2023-05
ORD1134,CUST835,2023-05-15,delivered,South,Delhi,Sports,PROD2827,3,4590,15,Debit Card,13770,3442.5,2023-05
ORD1135,CUST422,2023-05-16,delivered,North,Delhi,Fashion,PROD2587,1,4209,0,Credit Card,4209,420.90000000000003,2023-05
ORD1136,CUST317,2023-05-17,shipped,East,Gujarat,Books,PROD1223,1,1594,15,Debit Card,1594,398.5,2023-05
ORD1137,CUST771,2023-05-18,processing,East,West Bengal,Beauty,PROD3134,1,4481,5,UPI,4481,672.1500000000001,2023-05
ORD1138,CUST611,2023-05-19,returned,East,Gujarat,Beauty,PROD6426,3,1469,0,Cash on Delivery,4407,440.70000000000005,2023-05
ORD1139,CUST505,2023-05-20,processing,Central,Gujarat,Books,PROD6907,1,4932,20,Credit Card,4932,1479.6000000000001,2023-05
ORD1140,CUST758,2023-05-21,returned,Central,Gujarat,Fashion,PROD6920,4,3914,5,Debit Card,15656,2348.4000000000005,2023-05
ORD1141,CUST569,2023-05-22,delivered,East,Maharashtra,Sports,PROD9664,1,729,15,Credit Card,729,182.25,2023-05
ORD1142,CUST246,2023-05-23,canceled,North,Uttar Pradesh,Sports,PROD7088,4,3823,5,Debit Card,15292,2293.8,2023-05
ORD1143,CUST371,2023-05-24,canceled,North,Tamil Nadu,Sports,PROD4903,4,3158,0,UPI,12632,1263.2,2023-05
ORD1144,CUST242,2023-05-25,processing,South,Maharashtra,Books,PROD5521,4,3114,10,Net Banking,12456,2491.2000000000003,2023-05
ORD1145,CUST352,2023-05-26,shipped,West,Delhi,Beauty,PROD4441,3,3791,10,Credit Card,11373,2274.6,2023-05
ORD1146,CUST862,2023-05-27,returned,South,West Bengal,Books,PROD7292,3,2347,15,Debit Card,7041,1760.25,2023-05
ORD1147,CUST674,2023-05-28,canceled,West,Gujarat,Home & Kitchen,PROD2429,3,4773,15,UPI,14319,3579.75,2023-05
ORD1148,CUST651,2023-05-29,processing,North,Gujarat,Books,PROD2742,1,3569,10,Debit Card,3569,713.8000000000001,2023-05
ORD1149,CUST369,2023-05-30,shipped,East,Delhi,Beauty,PROD3137,4,1139,15,Debit Card,4556,1139.0,2023-05
ORD1150,CUST864,2023-05-31,delivered,Central,Maharashtra,Fashion,PROD2971,3,725,5,UPI,2175,326.25000000000006,2023-05
ORD1151,CUST698,2023-06-01,shipped,South,Uttar Pradesh,Home & Kitchen,PROD1672,3,201,20,Credit Card,603,180.90000000000003,2023-06
ORD1152,CUST538,2023-06-02,delivered,South,Uttar Pradesh,Electronics,PROD4120,1,574,20,Net Banking,574,172.20000000000002,2023-06
ORD1153,CUST697,2023-06-03,processing,North,Karnataka,Electronics,PROD4160,3,2540,5,UPI,7620,1143.0000000000002,2023-06
ORD1154,CUST508,2023-06-04,shipped,West,Karnataka,Sports,PROD8303,1,4205,20,Debit Card,4205,1261.5000000000002,2023-06
ORD1155,CUST470,2023-06-05,processing,South,West Bengal,Home & Kitchen,PROD2616,2,3252,0,UPI,6504,650.4000000000001,2023-06
ORD1156,CUST324,2023-06-06,delivered,West,Karnataka,Beauty,PROD2226,3,4848,5,Debit Card,14544,2181.6000000000004,2023-06
ORD1157,CUST241,2023-06-07,canceled,South,Delhi,Books,PROD9955,2,2565,15,Cash on Delivery,5130,1282.5,2023-06
ORD1158,CUST621,2023-06-08,canceled,East,Maharashtra,Books,PROD6618,1,1725,5,UPI,1725,258.75000000000006,2023-06
ORD1159,CUST605,2023-06-09,delivered,North,West Bengal,Books,PROD5939,4,4676,10,Net Banking,18704,3740.8,2023-06
ORD1160,CUST193,2023-06-10,returned,West,West Bengal,Fashion,PROD8769,3,1846,15,Debit Card,5538,1384.5,2023-06
ORD1161,CUST873,2023-06-11,returned,North,Maharashtra,Sports,PROD4309,1,213,10,Debit Card,213,42.6,2023-06
ORD1162,CUST148,2023-06-12,canceled,Central,Karnataka,Sports,PROD9741,4,4799,15,UPI,19196,4799.0,2023-06
ORD1163,CUST981,2023-06-13,canceled,North,Uttar Pradesh,Home & Kitchen,PROD3517,4,2478,20,Debit Card,9912,2973.6000000000004,2023-06
ORD1164,CUST212,2023-06-14,shipped,West,Gujarat,Fashion,PROD1717,2,3355,5,Debit Card,6710,1006.5000000000001,2023-06
ORD1165,CUST256,2023-06-15,shipped,West,Karnataka,Electronics,PROD3094,1,329,0,UPI,329,32.9,2023-06
ORD1166,CUST742,2023-06-16,canceled,Central,Maharashtra,Sports,PROD4140,4,4014,15,UPI,16056,4014.0,2023-06
ORD1167,CUST263,2023-06-17,returned,Central,Gujarat,Sports,PROD7851,3,3416,15,Net Banking,10248,2562.0,2023-06
ORD1168,CUST911,2023-06-18,shipped,South,Delhi,Home & Kitchen,PROD5137,3,3138,10,UPI,9414,1882.8000000000002,2023-06
ORD1169,CUST796,2023-06-19,delivered,West,Gujarat,Sports,PROD6690,2,4128,20,Credit Card,8256,2476.8,2023-06
ORD1170,CUST532,2023-06-20,shipped,North,Gujarat,Home & Kitchen,PROD6996,4,2240,10,Net Banking,8960,1792.0,2023-06
ORD1171,CUST710,2023-06-21,shipped,Central,Karnataka,Books,PROD8347,1,227,10,UPI,227,45.400000000000006,2023-06
ORD1172,CUST165,2023-06-22,shipped,North,West Bengal,Fashion,PROD2923,3,2313,20,Cash on Delivery,6939,2081.7000000000003,2023-06
ORD1173,CUST494,2023-06-23,processing,Central,Tamil Nadu,Electronics,PROD8145,4,1452,0,UPI,5808,580.8000000000001,2023-06
ORD1174,CUST490,2023-06-24,delivered,West,Tamil Nadu,Electronics,PROD2109,4,4556,10,UPI,18224,3644.8,2023-06
ORD1175,CUST710,2023-06-25,canceled,Central,Uttar Pradesh,Sports,PROD8910,2,2246,10,Cash on Delivery,4492,898.4000000000001,2023-06
ORD1176,CUST579,2023-06-26,returned,West,Maharashtra,Sports,PROD7864,3,4755,15,Net Banking,14265,3566.25,2023-06
ORD1177,CUST641,2023-06-27,returned,Central,Delhi,Home & Kitchen,PROD9581,3,4223,20,Debit Card,12669,3800.7000000000007,2023-06
ORD1178,CUST357,2023-06-28,canceled,South,West Bengal,Fashion,PROD9255,1,4596,5,Credit Card,4596,689.4000000000001,2023-06
ORD1179,CUST666,2023-06-29,processing,Central,Tamil Nadu,Home & Kitchen,PROD1358,3,3574,0,Cash on Delivery,10722,1072.2,2023-06
ORD1180,CUST981,2023-06-30,returned,South,Karnataka,Books,PROD3735,1,3666,0,Net Banking,3666,366.6,2023-06
ORD1181,CUST111,2023-07-01,shipped,South,West Bengal,Beauty,PROD5491,3,3281,20,Debit Card,9843,2952.9000000000005,2023-07
ORD1182,CUST796,2023-07-02,returned,North,Delhi,Sports,PROD3112,2,3978,15,Cash on Delivery,7956,1989.0,2023-07
ORD1183,CUST838,2023-07-03,delivered,West,Maharashtra,Electronics,PROD5745,3,829,15,Cash on Delivery,2487,621.75,2023-07
ORD1184,CUST217,2023-07-04,delivered,Central,West Bengal,Books,PROD1744,1,469,20,Debit Card,469,140.70000000000002,2023-07
ORD1185,CUST798,2023-07-05,canceled,Central,West Bengal,Electronics,PROD1996,1,2839,15,Net Banking,2839,709.75,2023-07
ORD1186,CUST649,2023-07-06,processing,East,Karnataka,Home & Kitchen,PROD4116,2,2193,0,UPI,4386,438.6,2023-07
ORD1187,CUST868,2023-07-07,processing,Central,Delhi,Home & Kitchen,PROD7512,3,3091,0,UPI,9273,927.3000000000001,2023-07
ORD1188,CUST373,2023-07-08,returned,West,Maharashtra,Books,PROD9110,3,3632,5,Debit Card,10896,1634.4000000000003,2023-07
ORD1189,CUST887,2023-07-09,processing,West,West Bengal,Sports,PROD9723,2,1480,20,UPI,2960,888.0000000000001,2023-07
ORD1190,CUST756,2023-07-10,processing,Central,Delhi,Home & Kitchen,PROD9412,3,2560,10,Cash on Delivery,7680,1536.0,2023-07
ORD1191,CUST448,2023-07-11,returned,South,West Bengal,Electronics,PROD2228,3,775,10,Cash on Delivery,2325,465.0,2023-07
ORD1192,CUST214,2023-07-12,delivered,East,Tamil Nadu,Electronics,PROD3711,1,1507,5,UPI,1507,226.05000000000004,2023-07
ORD1193,CUST400,2023-07-13,shipped,West,Tamil Nadu,Books,PROD8172,3,3392,5,Credit Card,10176,1526.4000000000003,2023-07
ORD1194,CUST545,2023-07-14,canceled,East,Maharashtra,Electronics,PROD9344,3,3378,15,Cash on Delivery,10134,2533.5,2023-07
ORD1195,CUST261,2023-07-15,delivered,East,Tamil Nadu,Beauty,PROD7293,2,2934,5,Debit Card,5868,880.2000000000002,2023-07
ORD1196,CUST564,2023-07-16,processing,West,Maharashtra,Home & Kitchen,PROD7393,2,2412,5,UPI,4824,723.6000000000001,2023-07
ORD1197,CUST103,2023-07-17,processing,South,West Bengal,Sports,PROD7567,4,2552,10,Debit Card,10208,2041.6000000000001,2023-07
ORD1198,CUST839,2023-07-18,returned,South,Uttar Pradesh,Books,PROD5448,1,3768,15,Net Banking,3768,942.0,2023-07
ORD1199,CUST996,2023-07-19,canceled,West,Tamil Nadu,Electronics,PROD4390,3,1855,5,UPI,5565,834.7500000000001,2023-07
ORD1200,CUST836,2023-07-20,shipped,Central,Delhi,Beauty,PROD4015,3,1779,5,Credit Card,5337,800.5500000000001,2023-07
ORD1201,CUST369,2023-07-21,returned,Central,Delhi,Home & Kitchen,PROD1058,4,2403,15,Credit Card,9612,2403.0,2023-07
ORD1202,CUST612,2023-07-22,returned,East,Maharashtra,Fashion,PROD3621,3,1590,20,Cash on Delivery,4770,1431.0000000000002,2023-07
ORD1203,CUST880,2023-07-23,shipped,Central,Gujarat,Books,PROD4568,1,1942,15,Debit Card,1942,485.5,2023-07
ORD1204,CUST282,2023-07-24,shipped,East,Uttar Pradesh,Sports,PROD1145,4,2125,10,Net Banking,8500,1700.0,2023-07
ORD1205,CUST619,2023-07-25,processing,Central,West Bengal,Sports,PROD9401,1,819,20,Debit Card,819,245.70000000000005,2023-07
ORD1206,CUST208,2023-07-26,returned,South,Karnataka,Books,PROD8461,4,1474,0,Net Banking,5896,589.6,2023-07
ORD1207,CUST991,2023-07-27,delivered,South,Delhi,Books,PROD9254,4,1156,15,Cash on Delivery,4624,1156.0,2023-07
ORD1208,CUST740,2023-07-28,delivered,South,Uttar Pradesh,Books,PROD9602,2,2139,10,UPI,4278,855.6,2023-07
ORD1209,CUST405,2023-07-29,returned,Central,Gujarat,Sports,PROD5240,1,4153,20,UPI,4153,1245.9,2023-07
ORD1210,CUST961,2023-07-30,shipped,East,Gujarat,Sports,PROD5971,3,2581,15,Cash on Delivery,7743,1935.75,2023-07
ORD1211,CUST754,2023-07-31,canceled,East,Delhi,Fashion,PROD4609,3,1168,5,Net Banking,3504,525.6,2023-07
ORD1212,CUST619,2023-08-01,shipped,South,Maharashtra,Home & Kitchen,PROD5855,1,1516,15,Cash on Delivery,1516,379.0,2023-08
ORD1213,CUST723,2023-08-02,shipped,South,Maharashtra,Home & Kitchen,PROD5399,3,1243,0,Credit Card,3729,372.90000000000003,2023-08
ORD1214,CUST303,2023-08-03,canceled,Central,Karnataka,Home & Kitchen,PROD2951,3,481,15,UPI,1443,360.75,2023-08
ORD1215,CUST256,2023-08-04,shipped,Central,Maharashtra,Books,PROD3803,1,3044,20,Credit Card,3044,913.2000000000002,2023-08
ORD1216,CUST482,2023-08-05,canceled,East,Karnataka,Books,PROD4668,4,1258,20,UPI,5032,1509.6000000000001,2023-08
ORD1217,CUST880,2023-08-06,returned,North,Gujarat,Sports,PROD1747,1,4493,15,Credit Card,4493,1123.25,2023-08
ORD1218,CUST265,2023-08-07,canceled,East,West Bengal,Books,PROD9741,4,2732,20,Debit Card,10928,3278.4000000000005,2023-08
ORD1219,CUST652,2023-08-08,delivered,Central,Maharashtra,Fashion,PROD4902,3,4028,5,Net Banking,12084,1812.6000000000004,2023-08
ORD1220,CUST897,2023-08-09,canceled,West,Delhi,Books,PROD5781,3,1208,15,Net Banking,3624,906.0,2023-08
ORD1221,CUST643,2023-08-10,shipped,Central,Maharashtra,Beauty,PROD1640,3,1429,5,UPI,4287,643.0500000000001,2023-08
ORD1222,CUST100,2023-08-11,returned,Central,Tamil Nadu,Sports,PROD3427,2,1235,5,UPI,2470,370.50000000000006,2023-08
ORD1223,CUST713,2023-08-12,canceled,West,Gujarat,Books,PROD5550,4,4785,10,Credit Card,19140,3828.0,2023-08
ORD1224,CUST431,2023-08-13,shipped,Central,West Bengal,Fashion,PROD3178,2,475,15,Debit Card,950,237.5,2023-08
ORD1225,CUST600,2023-08-14,canceled,East,West Bengal,Electronics,PROD5430,2,2940,20,UPI,5880,1764.0000000000002,2023-08
ORD1226,CUST119,2023-08-15,returned,West,Uttar Pradesh,Home & Kitchen,PROD1844,1,2489,5,UPI,2489,373.3500000000001,2023-08
ORD1227,CUST214,2023-08-16,returned,North,Delhi,Sports,PROD5079,2,1439,10,Debit Card,2878,575.6,2023-08
ORD1228,CUST471,2023-08-17,delivered,Central,West Bengal,Sports,PROD4440,1,325,15,Net Banking,325,81.25,2023-08
ORD1229,CUST999,2023-08-18,returned,North,Gujarat,Fashion,PROD9758,1,4265,15,Cash on Delivery,4265,1066.25,2023-08
ORD1230,CUST951,2023-08-19,shipped,North,Gujarat,Home & Kitchen,PROD2903,2,4512,0,Debit Card,9024,902.4000000000001,2023-08
ORD1231,CUST926,2023-08-20,returned,West,Uttar Pradesh,Beauty,PROD1022,4,4068,0,Credit Card,16272,1627.2,2023-08
ORD1232,CUST414,2023-08-21,returned,South,Tamil Nadu,Electronics,PROD6692,4,1408,5,Net Banking,5632,844.8000000000002,2023-08
ORD1233,CUST345,2023-08-22,shipped,North,West Bengal,Fashion,PROD7047,4,3449,0,Cash on Delivery,13796,1379.6000000000001,2023-08
ORD1234,CUST159,2023-08-23,shipped,North,Uttar Pradesh,Books,PROD6317,4,1118,5,Net Banking,4472,670.8000000000001,2023-08
ORD1235,CUST346,2023-08-24,returned,South,Tamil Nadu,Beauty,PROD2363,4,4123,20,Cash on Delivery,16492,4947.6,2023-08
ORD1236,CUST999,2023-08-25,returned,East,Maharashtra,Beauty,PROD9999,2,4603,5,Cash on Delivery,9206,1380.9,2023-08
ORD1237,CUST680,2023-08-26,canceled,South,Maharashtra,Electronics,PROD5326,2,2169,0,Net Banking,4338,433.8,2023-08
ORD1238,CUST180,2023-08-27,returned,East,West Bengal,Electronics,PROD3189,3,2993,20,Net Banking,8979,2693.7000000000003,2023-08
ORD1239,CUST187,2023-08-28,delivered,East,Tamil Nadu,Electronics,PROD7690,4,1091,0,Net Banking,4364,436.40000000000003,2023-08
ORD1240,CUST849,2023-08-29,delivered,South,Delhi,Beauty,PROD5831,2,4670,5,Debit Card,9340,1401.0000000000002,2023-08
ORD1241,CUST597,2023-08-30,delivered,North,West Bengal,Fashion,PROD6318,3,2233,10,UPI,6699,1339.8000000000002,2023-08
ORD1242,CUST935,2023-08-31,delivered,East,Maharashtra,Beauty,PROD1938,4,1564,15,UPI,6256,1564.0,2023-08
ORD1243,CUST170,2023-09-01,returned,South,Delhi,Fashion,PROD1170,1,328,0,Cash on Delivery,328,32.800000000000004,2023-09
ORD1244,CUST878,2023-09-02,canceled,Central,Uttar Pradesh,Beauty,PROD6824,3,1214,5,UPI,3642,546.3000000000001,2023-09
ORD1245,CUST645,2023-09-03,shipped,North,Maharashtra,Electronics,PROD4592,2,1999,20,Net Banking,3998,1199.4,2023-09
ORD1246,CUST884,2023-09-04,returned,East,Tamil Nadu,Home & Kitchen,PROD5582,1,4812,0,Net Banking,4812,481.20000000000005,2023-09
ORD1247,CUST228,2023-09-05,processing,West,West Bengal,Books,PROD3895,1,1718,0,UPI,1718,171.8,2023-09
ORD1248,CUST231,2023-09-06,returned,North,West Bengal,Sports,PROD5194,1,4381,15,Credit Card,4381,1095.25,2023-09
ORD1249,CUST775,2023-09-07,delivered,Central,Tamil Nadu,Beauty,PROD1256,3,1398,5,Debit Card,4194,629.1000000000001,2023-09
ORD1250,CUST586,2023-09-08,processing,Central,Maharashtra,Sports,PROD9804,2,4073,10,Cash on Delivery,8146,1629.2,2023-09
ORD1251,CUST662,2023-09-09,returned,South,Tamil Nadu,Sports,PROD2743,1,2674,20,Credit Card,2674,802.2000000000002,2023-09
ORD1252,CUST269,2023-09-10,canceled,Central,West Bengal,Sports,PROD7258,4,3685,5,Net Banking,14740,2211.0000000000005,2023-09
ORD1253,CUST371,2023-09-11,canceled,West,Maharashtra,Beauty,PROD5216,1,4249,20,Net Banking,4249,1274.7000000000003,2023-09
ORD1254,CUST640,2023-09-12,processing,South,Karnataka,Home & Kitchen,PROD4377,1,3919,0,UPI,3919,391.90000000000003,2023-09
ORD1255,CUST993,2023-09-13,shipped,Central,Gujarat,Sports,PROD8244,3,502,15,Cash on Delivery,1506,376.5,2023-09
ORD1256,CUST721,2023-09-14,processing,East,Gujarat,Beauty,PROD4614,3,4152,15,Net Banking,12456,3114.0,2023-09
ORD1257,CUST533,2023-09-15,canceled,North,Maharashtra,Books,PROD6312,2,4883,10,Cash on Delivery,9766,1953.2,2023-09
ORD1258,CUST316,2023-09-16,processing,West,Delhi,Beauty,PROD5403,4,1186,15,Credit Card,4744,1186.0,2023-09
ORD1259,CUST652,2023-09-17,delivered,West,Uttar Pradesh,Beauty,PROD4341,3,2063,0,Debit Card,6189,618.9000000000001,2023-09
ORD1260,CUST873,2023-09-18,delivered,West,Tamil Nadu,Books,PROD7479,1,4640,10,Cash on Delivery,4640,928.0,2023-09
ORD1261,CUST847,2023-09-19,shipped,East,Gujarat,Beauty,PROD3550,2,3272,5,Debit Card,6544,981.6000000000001,2023-09
ORD1262,CUST806,2023-09-20,processing,Central,Uttar Pradesh,Books,PROD8308,1,3324,15,UPI,3324,831.0,2023-09
ORD1263,CUST305,2023-09-21,processing,North,Maharashtra,Beauty,PROD4796,1,1527,10,Cash on Delivery,1527,305.40000000000003,2023-09
ORD1264,CUST830,2023-09-22,processing,North,Gujarat,Fashion,PROD8109,3,2608,0,Cash on Delivery,7824,782.4000000000001,2023-09
ORD1265,CUST419,2023-09-23,processing,East,Gujarat,Fashion,PROD7039,2,3873,20,Debit Card,7746,2323.8,2023-09
ORD1266,CUST508,2023-09-24,shipped,South,Maharashtra,Sports,PROD3430,4,3491,20,Cash on Delivery,13964,4189.200000000001,2023-09
ORD1267,CUST787,2023-09-25,canceled,Central,Maharashtra,Fashion,PROD8848,4,4233,0,Debit Card,16932,1693.2,2023-09
ORD1268,CUST765,2023-09-26,returned,West,Delhi,Beauty,PROD2535,3,903,0,Debit Card,2709,270.90000000000003,2023-09
ORD1269,CUST482,2023-09-27,shipped,South,Uttar Pradesh,Books,PROD9125,3,774,20,UPI,2322,696.6000000000001,2023-09
ORD1270,CUST548,2023-09-28,canceled,East,Gujarat,Beauty,PROD3973,2,3432,10,Credit Card,6864,1372.8000000000002,2023-09
ORD1271,CUST629,2023-09-29,canceled,Central,Uttar Pradesh,Fashion,PROD8526,4,4983,20,Credit Card,19932,5979.600000000001,2023-09
ORD1272,CUST562,2023-09-30,canceled,Central,Tamil Nadu,Books,PROD4031,4,2832,0,UPI,11328,1132.8,2023-09
ORD1273,CUST223,2023-10-01,processing,Central,Maharashtra,Sports,PROD3885,4,4028,15,Debit Card,16112,4028.0,2023-10
ORD1274,CUST353,2023-10-02,shipped,South,Gujarat,Sports,PROD4094,1,3430,5,UPI,3430,514.5000000000001,2023-10
ORD1275,CUST330,2023-10-03,canceled,South,Tamil Nadu,Electronics,PROD9036,4,688,15,Net Banking,2752,688.0,2023-10
ORD1276,CUST165,2023-10-04,returned,East,Delhi,Books,PROD3955,1,1547,15,Net Banking,1547,386.75,2023-10
ORD1277,CUST446,2023-10-05,returned,West,Karnataka,Fashion,PROD5621,2,3881,0,Debit Card,7762,776.2,2023-10
ORD1278,CUST121,2023-10-06,delivered,South,Gujarat,Beauty,PROD1344,1,3373,20,Net Banking,3373,1011.9000000000002,2023-10
ORD1279,CUST702,2023-10-07,canceled,North,Gujarat,Beauty,PROD6081,2,4789,10,Credit Card,9578,1915.6000000000001,2023-10
ORD1280,CUST667,2023-10-08,shipped,South,West Bengal,Electronics,PROD3669,4,1867,15,Debit Card,7468,1867.0,2023-10
ORD1281,CUST335,2023-10-09,processing,South,West Bengal,Books,PROD3911,4,1837,20,Debit Card,7348,2204.4000000000005,2023-10
ORD1282,CUST702,2023-10-10,delivered,Central,Delhi,Fashion,PROD7458,2,4314,10,Debit Card,8628,1725.6000000000001,2023-10
ORD1283,CUST325,2023-10-11,canceled,North,Karnataka,Sports,PROD4077,3,3753,15,UPI,11259,2814.75,2023-10
ORD1284,CUST107,2023-10-12,processing,West,Maharashtra,Home & Kitchen,PROD2137,2,1200,10,UPI,2400,480.0,2023-10
ORD1285,CUST172,2023-10-13,shipped,North,West Bengal,Electronics,PROD3351,3,1050,20,Credit Card,3150,945.0000000000001,2023-10
ORD1286,CUST824,2023-10-14,shipped,West,Uttar Pradesh,Sports,PROD2180,1,1588,5,Debit Card,1588,238.20000000000005,2023-10
ORD1287,CUST746,2023-10-15,delivered,East,Uttar Pradesh,Beauty,PROD7986,1,3912,20,Debit Card,3912,1173.6000000000001,2023-10
ORD1288,CUST160,2023-10-16,delivered,Central,Tamil Nadu,Electronics,PROD5018,1,1567,0,Debit Card,1567,156.70000000000002,2023-10
ORD1289,CUST334,2023-10-17,canceled,East,Karnataka,Electronics,PROD8455,4,1021,10,Net Banking,4084,816.8000000000001,2023-10
ORD1290,CUST169,2023-10-18,processing,South,Gujarat,Home & Kitchen,PROD7594,1,654,5,Credit Card,654,98.10000000000001,2023-10
ORD1291,CUST132,2023-10-19,returned,South,Gujarat,Sports,PROD2642,3,1824,10,Debit Card,5472,1094.4,2023-10
ORD1292,CUST980,2023-10-20,processing,Central,Tamil Nadu,Home & Kitchen,PROD9630,1,2972,10,Debit Card,2972,594.4,2023-10
ORD1293,CUST438,2023-10-21,shipped,East,Gujarat,Electronics,PROD3249,2,3926,15,Cash on Delivery,7852,1963.0,2023-10
ORD1294,CUST172,2023-10-22,shipped,North,Maharashtra,Sports,PROD1193,2,3347,0,UPI,6694,669.4000000000001,2023-10
ORD1295,CUST626,2023-10-23,canceled,East,Uttar Pradesh,Fashion,PROD2633,4,4289,10,Credit Card,17156,3431.2000000000003,2023-10
ORD1296,CUST343,2023-10-24,returned,West,Tamil Nadu,Electronics,PROD7191,2,2390,20,Net Banking,4780,1434.0000000000002,2023-10
ORD1297,CUST385,2023-10-25,canceled,South,Karnataka,Home & Kitchen,PROD7291,3,1116,20,Debit Card,3348,1004.4000000000002,2023-10
ORD1298,CUST785,2023-10-26,shipped,North,Maharashtra,Home & Kitchen,PROD1339,1,4186,15,UPI,4186,1046.5,2023-10
ORD1299,CUST597,2023-10-27,shipped,South,Maharashtra,Home & Kitchen,PROD2802,4,3075,0,Credit Card,12300,1230.0,2023-10
ORD1300,CUST319,2023-10-28,processing,East,Karnataka,Home & Kitchen,PROD1222,1,1640,0,Net Banking,1640,164.0,2023-10
ORD1301,CUST652,2023-10-29,returned,Central,Tamil Nadu,Home & Kitchen,PROD1716,1,4600,20,Cash on Delivery,4600,1380.0000000000002,2023-10
ORD1302,CUST235,2023-10-30,processing,North,Gujarat,Beauty,PROD3165,3,935,5,Net Banking,2805,420.75000000000006,2023-10
ORD1303,CUST840,2023-10-31,processing,Central,Delhi,Electronics,PROD5068,2,3768,15,Debit Card,7536,1884.0,2023-10
ORD1304,CUST684,2023-11-01,canceled,East,Tamil Nadu,Fashion,PROD2369,2,3538,15,Net Banking,7076,1769.0,2023-11
ORD1305,CUST690,2023-11-02,processing,West,West Bengal,Fashion,PROD5385,1,3215,20,Net Banking,3215,964.5000000000001,2023-11
ORD1306,CUST584,2023-11-03,delivered,Central,Karnataka,Sports,PROD3336,4,3089,20,Net Banking,12356,3706.8000000000006,2023-11
ORD1307,CUST348,2023-11-04,delivered,Central,Uttar Pradesh,Beauty,PROD1221,2,1161,5,Debit Card,2322,348.30000000000007,2023-11
ORD1308,CUST903,2023-11-05,processing,East,Tamil Nadu,Electronics,PROD1153,4,3189,5,Credit Card,12756,1913.4000000000003,2023-11
ORD1309,CUST584,2023-11-06,returned,North,Delhi,Home & Kitchen,PROD2742,2,4048,0,Net Banking,8096,809.6,2023-11
ORD1310,CUST926,2023-11-07,processing,East,Tamil Nadu,Home & Kitchen,PROD9886,4,1226,15,Debit Card,4904,1226.0,2023-11
ORD1311,CUST516,2023-11-08,shipped,Central,Uttar Pradesh,Fashion,PROD6544,3,4065,15,UPI,12195,3048.75,2023-11
ORD1312,CUST294,2023-11-09,shipped,South,Maharashtra,Fashion,PROD2392,4,3063,20,Debit Card,12252,3675.6000000000004,2023-11
ORD1313,CUST196,2023-11-10,returned,South,Tamil Nadu,Books,PROD4314,3,2701,0,Net Banking,8103,810.3000000000001,2023-11
ORD1314,CUST199,2023-11-11,canceled,Central,Maharashtra,Beauty,PROD3281,3,2147,15,UPI,6441,1610.25,2023-11
ORD1315,CUST774,2023-11-12,delivered,North,Gujarat,Electronics,PROD8871,4,1377,0,UPI,5508,550.8000000000001,2023-11
ORD1316,CUST541,2023-11-13,delivered,Central,Gujarat,Electronics,PROD8279,3,4960,0,Net Banking,14880,1488.0,2023-11
ORD1317,CUST462,2023-11-14,canceled,South,West Bengal,Sports,PROD3672,1,211,20,Cash on Delivery,211,63.30000000000001,2023-11
ORD1318,CUST533,2023-11-15,processing,West,Uttar Pradesh,Home & Kitchen,PROD6036,3,4599,0,Net Banking,13797,1379.7,2023-11
ORD1319,CUST520,2023-11-16,returned,Central,Delhi,Electronics,PROD6435,2,3564,5,Cash on Delivery,7128,1069.2,2023-11
ORD1320,CUST578,2023-11-17,processing,Central,Gujarat,Electronics,PROD8846,4,3222,5,Credit Card,12888,1933.2000000000003,2023-11
ORD1321,CUST984,2023-11-18,canceled,West,Tamil Nadu,Beauty,PROD3531,1,3571,10,UPI,3571,714.2,2023-11
ORD1322,CUST846,2023-11-19,returned,North,Maharashtra,Beauty,PROD4994,4,3030,20,Net Banking,12120,3636.0000000000005,2023-11
ORD1323,CUST155,2023-11-20,delivered,East,Delhi,Sports,PROD1915,2,242,10,Cash on Delivery,484,96.80000000000001,2023-11
ORD1324,CUST789,2023-11-21,delivered,South,Maharashtra,Home & Kitchen,PROD9905,2,1143,5,Credit Card,2286,342.90000000000003,2023-11
ORD1325,CUST769,2023-11-22,processing,South,Maharashtra,Sports,PROD5382,2,2590,10,Debit Card,5180,1036.0,2023-11
ORD1326,CUST761,2023-11-23,shipped,East,Maharashtra,Beauty,PROD9906,3,2745,20,Cash on Delivery,8235,2470.5000000000005,2023-11
ORD1327,CUST200,2023-11-24,canceled,East,Tamil Nadu,Home & Kitchen,PROD3016,3,2611,20,Debit Card,7833,2349.9000000000005,2023-11
ORD1328,CUST162,2023-11-25,canceled,East,Maharashtra,Beauty,PROD1347,4,1204,0,Debit Card,4816,481.6,2023-11
ORD1329,CUST512,2023-11-26,processing,East,West Bengal,Beauty,PROD1729,4,220,15,UPI,880,220.0,2023-11
ORD1330,CUST845,2023-11-27,canceled,South,West Bengal,Books,PROD2684,1,606,0,UPI,606,60.6,2023-11
ORD1331,CUST447,2023-11-28,delivered,Central,Uttar Pradesh,Sports,PROD9923,1,1214,20,UPI,1214,364.20000000000005,2023-11
ORD1332,CUST919,2023-11-29,processing,Central,Karnataka,Fashion,PROD5861,4,4631,5,Cash on Delivery,18524,2778.6000000000004,2023-11
ORD1333,CUST982,2023-11-30,delivered,West,Delhi,Fashion,PROD2680,3,2038,5,Credit Card,6114,917.1000000000001,2023-11
ORD1334,CUST211,2023-12-01,returned,Central,West Bengal,Sports,PROD9381,2,3388,0,Cash on Delivery,6776,677.6,2023-12
ORD1335,CUST354,2023-12-02,returned,North,Gujarat,Books,PROD7804,4,914,20,Cash on Delivery,3656,1096.8000000000002,2023-12
ORD1336,CUST296,2023-12-03,shipped,North,Gujarat,Beauty,PROD3323,1,4346,5,Net Banking,4346,651.9000000000001,2023-12
ORD1337,CUST294,2023-12-04,canceled,East,Gujarat,Beauty,PROD1019,3,4054,20,Credit Card,12162,3648.6000000000004,2023-12
ORD1338,CUST649,2023-12-05,returned,West,Delhi,Books,PROD4675,4,4619,5,Debit Card,18476,2771.4000000000005,2023-12
ORD1339,CUST559,2023-12-06,canceled,South,West Bengal,Beauty,PROD1393,4,340,20,Debit Card,1360,408.00000000000006,2023-12
ORD1340,CUST243,2023-12-07,delivered,Central,Tamil Nadu,Fashion,PROD4713,3,4765,10,Net Banking,14295,2859.0,2023-12
ORD1341,CUST532,2023-12-08,processing,Central,Tamil Nadu,Books,PROD7998,4,1163,20,Debit Card,4652,1395.6000000000001,2023-12
ORD1342,CUST287,2023-12-09,returned,South,Tamil Nadu,Home & Kitchen,PROD7314,3,572,20,Credit Card,1716,514.8000000000001,2023-12
ORD1343,CUST385,2023-12-10,processing,North,West Bengal,Electronics,PROD3414,2,3835,0,Debit Card,7670,767.0,2023-12
ORD1344,CUST573,2023-12-11,returned,East,Karnataka,Sports,PROD6788,3,2741,10,UPI,8223,1644.6000000000001,2023-12
ORD1345,CUST355,2023-12-12,canceled,West,Uttar Pradesh,Books,PROD5699,3,3810,15,Net Banking,11430,2857.5,2023-12
ORD1346,CUST995,2023-12-13,returned,North,Delhi,Sports,PROD4700,3,1892,0,Credit Card,5676,567.6,2023-12
ORD1347,CUST177,2023-12-14,returned,West,Delhi,Beauty,PROD7303,4,305,15,UPI,1220,305.0,2023-12
ORD1348,CUST553,2023-12-15,delivered,East,Tamil Nadu,Beauty,PROD2841,4,1881,5,Net Banking,7524,1128.6000000000001,2023-12
ORD1349,CUST927,2023-12-16,shipped,Central,Tamil Nadu,Fashion,PROD9057,3,4297,15,Debit Card,12891,3222.75,2023-12
ORD1350,CUST982,2023-12-17,delivered,East,Uttar Pradesh,Beauty,PROD3778,4,4216,20,Net Banking,16864,5059.200000000001,2023-12
ORD1351,CUST976,2023-12-18,processing,North,West Bengal,Home & Kitchen,PROD2804,1,2836,15,Debit Card,2836,709.0,2023-12
ORD1352,CUST663,2023-12-19,canceled,Central,Maharashtra,Sports,PROD4678,1,2337,0,UPI,2337,233.70000000000002,2023-12
ORD1353,CUST200,2023-12-20,canceled,East,Uttar Pradesh,Electronics,PROD2666,4,3616,0,UPI,14464,1446.4,2023-12
ORD1354,CUST151,2023-12-21,returned,Central,Tamil Nadu,Books,PROD5617,4,4645,15,Net Banking,18580,4645.0,2023-12
ORD1355,CUST767,2023-12-22,canceled,Central,West Bengal,Beauty,PROD6854,3,3730,0,Net Banking,11190,1119.0,2023-12
ORD1356,CUST653,2023-12-23,shipped,West,Delhi,Books,PROD2249,2,1486,0,Credit Card,2972,297.2,2023-12
ORD1357,CUST956,2023-12-24,shipped,West,Uttar Pradesh,Home & Kitchen,PROD6467,4,3379,15,UPI,13516,3379.0,2023-12
ORD1358,CUST115,2023-12-25,returned,North,Maharashtra,Books,PROD2939,1,3854,10,Net Banking,3854,770.8000000000001,2023-12
ORD1359,CUST195,2023-12-26,returned,East,West Bengal,Electronics,PROD6906,3,2559,10,Debit Card,7677,1535.4,2023-12
ORD1360,CUST871,2023-12-27,processing,South,Gujarat,Fashion,PROD2389,4,644,5,Debit Card,2576,386.40000000000003,2023-12
ORD1361,CUST969,2023-12-28,returned,East,Gujarat,Books,PROD1710,1,235,0,Net Banking,235,23.5,2023-12
ORD1362,CUST342,2023-12-29,delivered,Central,Karnataka,Electronics,PROD3475,1,1675,15,Cash on Delivery,1675,418.75,2023-12
ORD1363,CUST270,2023-12-30,delivered,North,Karnataka,Sports,PROD3917,2,4157,0,Credit Card,8314,831.4000000000001,2023-12
ORD1364,CUST516,2023-12-31,delivered,North,Delhi,Books,PROD8022,3,1998,20,Net Banking,5994,1798.2000000000003,2023-12
ORD1365,CUST597,2024-01-01,shipped,South,Maharashtra,Books,PROD9691,3,2045,0,Credit Card,6135,613.5,2024-01
ORD1366,CUST592,2024-01-02,canceled,Central,Uttar Pradesh,Home & Kitchen,PROD6486,2,1608,0,UPI,3216,321.6,2024-01
ORD1367,CUST318,2024-01-03,processing,Central,Tamil Nadu,Sports,PROD3971,2,1908,10,Credit Card,3816,763.2,2024-01
ORD1368,CUST985,2024-01-04,returned,North,Tamil Nadu,Books,PROD7967,3,3138,15,Net Banking,9414,2353.5,2024-01
ORD1369,CUST510,2024-01-05,processing,North,Maharashtra,Electronics,PROD3461,3,1500,0,Credit Card,4500,450.0,2024-01
ORD1370,CUST160,2024-01-06,shipped,South,Uttar Pradesh,Books,PROD5940,4,1443,10,Debit Card,5772,1154.4,2024-01
ORD1371,CUST268,2024-01-07,returned,South,Maharashtra,Sports,PROD5702,4,4176,5,UPI,16704,2505.6000000000004,2024-01
ORD1372,CUST488,2024-01-08,returned,West,Uttar Pradesh,Electronics,PROD6707,2,3297,10,Debit Card,6594,1318.8000000000002,2024-01
ORD1373,CUST102,2024-01-09,shipped,North,Karnataka,Fashion,PROD2702,4,4816,10,Cash on Delivery,19264,3852.8,2024-01
ORD1374,CUST499,2024-01-10,canceled,South,Gujarat,Sports,PROD5441,1,209,10,Cash on Delivery,209,41.800000000000004,2024-01
ORD1375,CUST371,2024-01-11,returned,Central,Gujarat,Sports,PROD9179,4,2625,0,Net Banking,10500,1050.0,2024-01
ORD1376,CUST902,2024-01-12,canceled,West,Uttar Pradesh,Sports,PROD7047,4,1860,0,Net Banking,7440,744.0,2024-01
ORD1377,CUST903,2024-01-13,shipped,North,Uttar Pradesh,Electronics,PROD5348,1,2831,5,Credit Card,2831,424.6500000000001,2024-01
ORD1378,CUST565,2024-01-14,processing,South,Tamil Nadu,Sports,PROD2251,2,1272,20,Net Banking,2544,763.2000000000002,2024-01
ORD1379,CUST392,2024-01-15,returned,North,Delhi,Sports,PROD1035,1,3425,20,Net Banking,3425,1027.5000000000002,2024-01
ORD1380,CUST533,2024-01-16,canceled,West,Gujarat,Fashion,PROD3435,4,1516,20,Net Banking,6064,1819.2000000000003,2024-01
ORD1381,CUST813,2024-01-17,returned,East,West Bengal,Beauty,PROD3401,2,4345,5,Credit Card,8690,1303.5000000000002,2024-01
ORD1382,CUST848,2024-01-18,canceled,North,West Bengal,Sports,PROD6247,4,3883,20,UPI,15532,4659.6,2024-01
ORD1383,CUST902,2024-01-19,returned,North,Tamil Nadu,Electronics,PROD3421,1,3473,20,Net Banking,3473,1041.9,2024-01
ORD1384,CUST669,2024-01-20,returned,North,Karnataka,Electronics,PROD7399,1,345,10,UPI,345,69.0,2024-01
ORD1385,CUST777,2024-01-21,returned,North,Maharashtra,Books,PROD8318,4,3240,0,Credit Card,12960,1296.0,2024-01
ORD1386,CUST835,2024-01-22,processing,South,Tamil Nadu,Sports,PROD8838,3,1662,0,Cash on Delivery,4986,498.6,2024-01
ORD1387,CUST598,2024-01-23,returned,East,Maharashtra,Fashion,PROD2102,3,4876,10,Net Banking,14628,2925.6000000000004,2024-01
ORD1388,CUST258,2024-01-24,canceled,Central,Gujarat,Electronics,PROD2854,1,1784,10,Cash on Delivery,1784,356.8,2024-01
ORD1389,CUST294,2024-01-25,processing,North,Tamil Nadu,Home & Kitchen,PROD8003,1,682,10,UPI,682,136.4,2024-01
ORD1390,CUST403,2024-01-26,delivered,Central,West Bengal,Fashion,PROD5562,3,3379,0,Net Banking,10137,1013.7,2024-01
ORD1391,CUST322,2024-01-27,canceled,South,Gujarat,Fashion,PROD3370,3,1449,20,UPI,4347,1304.1000000000001,2024-01
ORD1392,CUST159,2024-01-28,canceled,East,Delhi,Books,PROD2481,4,4968,10,Cash on Delivery,19872,3974.4,2024-01
ORD1393,CUST693,2024-01-29,delivered,West,Delhi,Sports,PROD6292,4,830,5,UPI,3320,498.00000000000006,2024-01
ORD1394,CUST853,2024-01-30,processing,West,Tamil Nadu,Beauty,PROD3089,3,861,10,Credit Card,2583,516.6,2024-01
ORD1395,CUST655,2024-01-31,returned,West,Tamil Nadu,Electronics,PROD3979,4,3703,15,Debit Card,14812,3703.0,2024-01
ORD1396,CUST162,2024-02-01,canceled,West,West Bengal,Sports,PROD7308,4,3052,10,Net Banking,12208,2441.6,2024-02
ORD1397,CUST865,2024-02-02,delivered,West,Maharashtra,Sports,PROD6777,2,2666,0,Cash on Delivery,5332,533.2,2024-02
ORD1398,CUST421,2024-02-03,returned,East,Maharashtra,Home & Kitchen,PROD6231,4,1187,10,Net Banking,4748,949.6,2024-02
ORD1399,CUST158,2024-02-04,processing,North,West Bengal,Beauty,PROD9097,1,1746,15,Credit Card,1746,436.5,2024-02
ORD1400,CUST151,2024-02-05,canceled,West,Karnataka,Sports,PROD7944,4,849,5,Debit Card,3396,509.4000000000001,2024-02
ORD1401,CUST698,2024-02-06,returned,North,Karnataka,Electronics,PROD8885,4,1168,20,Credit Card,4672,1401.6000000000001,2024-02
ORD1402,CUST588,2024-02-07,returned,Central,Tamil Nadu,Beauty,PROD7782,3,2837,10,UPI,8511,1702.2,2024-02
ORD1403,CUST614,2024-02-08,shipped,North,Delhi,Electronics,PROD6463,1,1300,15,Cash on Delivery,1300,325.0,2024-02
ORD1404,CUST973,2024-02-09,delivered,Central,Karnataka,Home & Kitchen,PROD3264,4,640,15,UPI,2560,640.0,2024-02
ORD1405,CUST643,2024-02-10,returned,North,Karnataka,Beauty,PROD5028,4,969,5,Debit Card,3876,581.4000000000001,2024-02
ORD1406,CUST261,2024-02-11,processing,Central,Uttar Pradesh,Fashion,PROD7278,2,1543,0,Cash on Delivery,3086,308.6,2024-02
ORD1407,CUST158,2024-02-12,shipped,North,Gujarat,Beauty,PROD7859,4,4558,10,Cash on Delivery,18232,3646.4,2024-02
ORD1408,CUST620,2024-02-13,returned,North,Gujarat,Electronics,PROD9144,4,3929,15,Net Banking,15716,3929.0,2024-02
ORD1409,CUST182,2024-02-14,returned,East,Delhi,Sports,PROD9826,2,4106,5,Net Banking,8212,1231.8000000000002,2024-02
ORD1410,CUST971,2024-02-15,processing,Central,Maharashtra,Home & Kitchen,PROD9745,3,1777,20,Credit Card,5331,1599.3000000000002,2024-02
ORD1411,CUST290,2024-02-16,shipped,North,Maharashtra,Beauty,PROD9070,4,4208,15,Net Banking,16832,4208.0,2024-02
ORD1412,CUST170,2024-02-17,shipped,East,West Bengal,Home & Kitchen,PROD9724,2,3551,5,UPI,7102,1065.3000000000002,2024-02
ORD1413,CUST709,2024-02-18,delivered,East,Maharashtra,Electronics,PROD9785,1,4995,0,Credit Card,4995,499.5,2024-02
ORD1414,CUST169,2024-02-19,returned,Central,Uttar Pradesh,Electronics,PROD4770,3,2549,0,Credit Card,7647,764.7,2024-02
ORD1415,CUST791,2024-02-20,delivered,North,Tamil Nadu,Electronics,PROD7301,1,3802,15,Net Banking,3802,950.5,2024-02
ORD1416,CUST982,2024-02-21,shipped,East,Tamil Nadu,Sports,PROD2369,1,1441,15,Net Banking,1441,360.25,2024-02
ORD1417,CUST340,2024-02-22,delivered,West,Gujarat,Fashion,PROD7911,2,1325,10,UPI,2650,530.0,2024-02
ORD1418,CUST513,2024-02-23,processing,West,Maharashtra,Home & Kitchen,PROD9633,4,2801,5,Credit Card,11204,1680.6000000000001,2024-02
ORD1419,CUST222,2024-02-24,canceled,West,Delhi,Fashion,PROD4593,2,1390,15,Cash on Delivery,2780,695.0,2024-02
ORD1420,CUST683,2024-02-25,processing,North,Uttar Pradesh,Fashion,PROD2429,2,4331,10,UPI,8662,1732.4,2024-02
ORD1421,CUST352,2024-02-26,shipped,West,Maharashtra,Home & Kitchen,PROD4853,2,4648,10,UPI,9296,1859.2,2024-02
ORD1422,CUST692,2024-02-27,processing,South,Maharashtra,Electronics,PROD6926,2,272,15,Net Banking,544,136.0,2024-02
ORD1423,CUST708,2024-02-28,shipped,Central,Tamil Nadu,Fashion,PROD1046,3,2114,0,UPI,6342,634.2,2024-02
ORD1424,CUST140,2024-02-29,processing,South,West Bengal,Home & Kitchen,PROD4330,4,2672,5,UPI,10688,1603.2000000000003,2024-02
ORD1425,CUST734,2024-03-01,returned,South,Delhi,Beauty,PROD1281,1,3246,5,Credit Card,3246,486.9000000000001,2024-03
ORD1426,CUST183,2024-03-02,returned,West,Uttar Pradesh,Books,PROD6937,1,907,0,Cash on Delivery,907,90.7,2024-03
ORD1427,CUST529,2024-03-03,processing,Central,Uttar Pradesh,Fashion,PROD8764,4,2004,15,UPI,8016,2004.0,2024-03
ORD1428,CUST773,2024-03-04,delivered,East,Karnataka,Electronics,PROD3188,1,3913,5,Debit Card,3913,586.95,2024-03
ORD1429,CUST697,2024-03-05,shipped,South,Delhi,Sports,PROD2804,4,2764,15,UPI,11056,2764.0,2024-03
ORD1430,CUST678,2024-03-06,returned,East,Tamil Nadu,Home & Kitchen,PROD1976,1,2675,15,UPI,2675,668.75,2024-03
ORD1431,CUST635,2024-03-07,shipped,East,West Bengal,Fashion,PROD6723,2,3810,10,Net Banking,7620,1524.0,2024-03
ORD1432,CUST423,2024-03-08,returned,North,West Bengal,Electronics,PROD6912,1,4455,0,Credit Card,4455,445.5,2024-03
ORD1433,CUST367,2024-03-09,canceled,Central,Karnataka,Books,PROD3283,4,3023,15,Net Banking,12092,3023.0,2024-03
ORD1434,CUST309,2024-03-10,processing,Central,Tamil Nadu,Electronics,PROD5828,4,1935,20,UPI,7740,2322.0000000000005,2024-03
ORD1435,CUST785,2024-03-11,returned,South,Gujarat,Home & Kitchen,PROD8543,4,1785,0,UPI,7140,714.0,2024-03
ORD1436,CUST833,2024-03-12,processing,North,Maharashtra,Beauty,PROD3361,4,266,5,Credit Card,1064,159.60000000000002,2024-03
ORD1437,CUST421,2024-03-13,canceled,North,Karnataka,Electronics,PROD7898,4,3261,10,Cash on Delivery,13044,2608.8,2024-03
ORD1438,CUST344,2024-03-14,shipped,North,Tamil Nadu,Home & Kitchen,PROD4973,3,2628,5,Credit Card,7884,1182.6000000000001,2024-03
ORD1439,CUST371,2024-03-15,processing,Central,Maharashtra,Fashion,PROD4452,3,4353,5,UPI,13059,1958.8500000000004,2024-03
ORD1440,CUST505,2024-03-16,returned,Central,Tamil Nadu,Beauty,PROD4679,1,541,0,Credit Card,541,54.1,2024-03
ORD1441,CUST234,2024-03-17,canceled,West,West Bengal,Home & Kitchen,PROD1915,4,2974,5,Cash on Delivery,11896,1784.4000000000003,2024-03
ORD1442,CUST787,2024-03-18,returned,Central,Delhi,Home & Kitchen,PROD3257,1,3017,15,Net Banking,3017,754.25,2024-03
ORD1443,CUST760,2024-03-19,canceled,Central,Gujarat,Beauty,PROD2920,4,2861,5,Debit Card,11444,1716.6000000000004,2024-03
ORD1444,CUST407,2024-03-20,canceled,North,Tamil Nadu,Electronics,PROD3344,4,1432,10,Debit Card,5728,1145.6000000000001,2024-03
ORD1445,CUST568,2024-03-21,returned,East,Delhi,Electronics,PROD7184,3,4074,10,Credit Card,12222,2444.4,2024-03
ORD1446,CUST423,2024-03-22,processing,South,Tamil Nadu,Fashion,PROD1431,3,2601,20,Cash on Delivery,7803,2340.9000000000005,2024-03
ORD1447,CUST869,2024-03-23,shipped,East,Maharashtra,Fashion,PROD7958,2,1694,10,Credit Card,3388,677.6,2024-03
ORD1448,CUST174,2024-03-24,shipped,South,Delhi,Sports,PROD7089,3,4411,5,Debit Card,13233,1984.9500000000003,2024-03
ORD1449,CUST109,2024-03-25,canceled,West,Uttar Pradesh,Sports,PROD1886,2,861,10,Debit Card,1722,344.40000000000003,2024-03
ORD1450,CUST569,2024-03-26,returned,Central,Delhi,Fashion,PROD2736,2,4083,0,Net Banking,8166,816.6,2024-03
ORD1451,CUST736,2024-03-27,canceled,South,Maharashtra,Beauty,PROD2208,2,3819,10,Net Banking,7638,1527.6000000000001,2024-03
ORD1452,CUST676,2024-03-28,shipped,South,Delhi,Sports,PROD8812,2,2068,15,UPI,4136,1034.0,2024-03
ORD1453,CUST202,2024-03-29,canceled,South,Tamil Nadu,Sports,PROD3591,2,2534,0,UPI,5068,506.8,2024-03
ORD1454,CUST175,2024-03-30,canceled,South,Tamil Nadu,Beauty,PROD1494,1,3574,20,Net Banking,3574,1072.2,2024-03
ORD1455,CUST650,2024-03-31,shipped,Central,Uttar Pradesh,Electronics,PROD3406,3,1216,15,Cash on Delivery,3648,912.0,2024-03
ORD1456,CUST318,2024-04-01,processing,East,Delhi,Home & Kitchen,PROD6984,2,4606,5,Debit Card,9212,1381.8000000000002,2024-04
ORD1457,CUST618,2024-04-02,canceled,South,Tamil Nadu,Electronics,PROD3314,4,407,5,Cash on Delivery,1628,244.20000000000005,2024-04
ORD1458,CUST371,2024-04-03,processing,North,Delhi,Home & Kitchen,PROD2294,3,2865,5,Cash on Delivery,8595,1289.2500000000002,2024-04
ORD1459,CUST235,2024-04-04,canceled,South,Karnataka,Beauty,PROD5014,3,2693,15,Net Banking,8079,2019.75,2024-04
ORD1460,CUST457,2024-04-05,returned,Central,Tamil Nadu,Sports,PROD2262,2,832,15,Credit Card,1664,416.0,2024-04
ORD1461,CUST170,2024-04-06,canceled,North,Delhi,Beauty,PROD1204,1,2302,15,Credit Card,2302,575.5,2024-04
ORD1462,CUST350,2024-04-07,canceled,Central,West Bengal,Electronics,PROD7823,2,3159,0,UPI,6318,631.8000000000001,2024-04
ORD1463,CUST478,2024-04-08,delivered,West,Tamil Nadu,Beauty,PROD3452,1,3283,0,UPI,3283,328.3,2024-04
ORD1464,CUST391,2024-04-09,returned,Central,West Bengal,Electronics,PROD3988,4,4952,5,Credit Card,19808,2971.2000000000003,2024-04
ORD1465,CUST261,2024-04-10,returned,North,Karnataka,Beauty,PROD8696,3,2131,10,Debit Card,6393,1278.6000000000001,2024-04
ORD1466,CUST548,2024-04-11,processing,East,Karnataka,Books,PROD3295,4,3919,5,Cash on Delivery,15676,2351.4000000000005,2024-04
ORD1467,CUST953,2024-04-12,processing,North,Tamil Nadu,Fashion,PROD9641,1,2762,20,Credit Card,2762,828.6000000000001,2024-04
ORD1468,CUST656,2024-04-13,canceled,East,Karnataka,Electronics,PROD5907,1,1879,0,Net Banking,1879,187.9,2024-04
ORD1469,CUST820,2024-04-14,shipped,North,Tamil Nadu,Home & Kitchen,PROD8703,4,436,15,Cash on Delivery,1744,436.0,2024-04
ORD1470,CUST409,2024-04-15,canceled,South,Maharashtra,Sports,PROD7742,1,4643,0,Credit Card,4643,464.3,2024-04
ORD1471,CUST726,2024-04-16,delivered,Central,West Bengal,Sports,PROD6526,4,4925,15,UPI,19700,4925.0,2024-04
ORD1472,CUST926,2024-04-17,canceled,West,Uttar Pradesh,Books,PROD8274,3,1740,20,UPI,5220,1566.0000000000002,2024-04
ORD1473,CUST769,2024-04-18,delivered,East,Maharashtra,Electronics,PROD1216,4,4143,20,Net Banking,16572,4971.6,2024-04
ORD1474,CUST641,2024-04-19,canceled,East,Karnataka,Fashion,PROD5698,3,563,0,Net Banking,1689,168.9,2024-04
ORD1475,CUST108,2024-04-20,processing,South,Tamil Nadu,Sports,PROD2822,4,2568,15,Credit Card,10272,2568.0,2024-04
ORD1476,CUST783,2024-04-21,canceled,South,Maharashtra,Books,PROD3554,1,485,20,Debit Card,485,145.50000000000003,2024-04
ORD1477,CUST936,2024-04-22,processing,North,Gujarat,Fashion,PROD1983,4,348,5,UPI,1392,208.80000000000004,2024-04
ORD1478,CUST667,2024-04-23,shipped,East,Delhi,Home & Kitchen,PROD1526,1,4237,5,Credit Card,4237,635.5500000000001,2024-04
ORD1479,CUST406,2024-04-24,shipped,Central,Delhi,Sports,PROD3843,4,4751,15,Net Banking,19004,4751.0,2024-04
ORD1480,CUST779,2024-04-25,returned,North,Delhi,Beauty,PROD9245,4,1966,0,Credit Card,7864,786.4000000000001,2024-04
ORD1481,CUST206,2024-04-26,canceled,South,Tamil Nadu,Beauty,PROD3627,2,1212,20,Debit Card,2424,727.2000000000002,2024-04
ORD1482,CUST999,2024-04-27,returned,East,Gujarat,Electronics,PROD1178,1,3031,0,Cash on Delivery,3031,303.1,2024-04
ORD1483,CUST237,2024-04-28,canceled,West,Karnataka,Books,PROD7494,2,2707,5,UPI,5414,812.1000000000001,2024-04
ORD1484,CUST370,2024-04-29,shipped,West,Tamil Nadu,Sports,PROD7940,1,1723,20,UPI,1723,516.9000000000001,2024-04
ORD1485,CUST218,2024-04-30,delivered,East,Karnataka,Fashion,PROD8443,2,2985,0,Cash on Delivery,5970,597.0,2024-04
ORD1486,CUST209,2024-05-01,returned,Central,Uttar Pradesh,Fashion,PROD5227,3,2756,10,Cash on Delivery,8268,1653.6000000000001,2024-05
ORD1487,CUST860,2024-05-02,returned,East,Tamil Nadu,Home & Kitchen,PROD9222,4,3925,15,Cash on Delivery,15700,3925.0,2024-05
ORD1488,CUST666,2024-05-03,shipped,Central,Gujarat,Sports,PROD6014,1,4776,15,Debit Card,4776,1194.0,2024-05
ORD1489,CUST259,2024-05-04,shipped,South,Gujarat,Fashion,PROD4724,1,1801,10,Credit Card,1801,360.20000000000005,2024-05
ORD1490,CUST378,2024-05-05,delivered,Central,West Bengal,Fashion,PROD7941,4,2608,5,UPI,10432,1564.8000000000002,2024-05
ORD1491,CUST388,2024-05-06,returned,Central,Uttar Pradesh,Sports,PROD3569,1,540,20,Cash on Delivery,540,162.00000000000003,2024-05
ORD1492,CUST719,2024-05-07,shipped,East,Tamil Nadu,Beauty,PROD5453,1,3017,15,Net Banking,3017,754.25,2024-05
ORD1493,CUST315,2024-05-08,shipped,East,Uttar Pradesh,Sports,PROD2506,2,2696,10,Debit Card,5392,1078.4,2024-05
ORD1494,CUST834,2024-05-09,delivered,West,Uttar Pradesh,Beauty,PROD9544,1,1925,10,Net Banking,1925,385.0,2024-05
ORD1495,CUST451,2024-05-10,delivered,South,Gujarat,Electronics,PROD7185,3,1889,5,UPI,5667,850.0500000000002,2024-05
ORD1496,CUST308,2024-05-11,processing,North,Tamil Nadu,Electronics,PROD3050,3,3467,5,Debit Card,10401,1560.1500000000003,2024-05
ORD1497,CUST803,2024-05-12,canceled,East,Maharashtra,Beauty,PROD4471,4,4606,0,UPI,18424,1842.4,2024-05
ORD1498,CUST749,2024-05-13,processing,South,Delhi,Sports,PROD7560,1,461,15,Cash on Delivery,461,115.25,2024-05
ORD1499,CUST973,2024-05-14,delivered,South,Gujarat,Home & Kitchen,PROD1917,4,1642,0,Credit Card,6568,656.8000000000001,2024-05
ORD1500,CUST370,2024-05-15,shipped,West,Uttar Pradesh,Books,PROD4586,3,605,10,Cash on Delivery,1815,363.0,2024-05
ORD1501,CUST617,2024-05-16,delivered,East,Delhi,Fashion,PROD7427,1,2390,20,Net Banking,2390,717.0000000000001,2024-05
ORD1502,CUST600,2024-05-17,returned,East,Gujarat,Electronics,PROD4009,1,4637,20,Debit Card,4637,1391.1000000000001,2024-05
ORD1503,CUST357,2024-05-18,shipped,South,Tamil Nadu,Electronics,PROD2264,4,443,5,UPI,1772,265.8,2024-05
ORD1504,CUST966,2024-05-19,processing,East,Uttar Pradesh,Beauty,PROD8674,3,4785,20,UPI,14355,4306.500000000001,2024-05
ORD1505,CUST152,2024-05-20,processing,West,Delhi,Home & Kitchen,PROD8821,1,4307,20,Credit Card,4307,1292.1000000000001,2024-05
ORD1506,CUST194,2024-05-21,processing,West,Gujarat,Sports,PROD6131,4,760,20,Net Banking,3040,912.0000000000001,2024-05
ORD1507,CUST749,2024-05-22,shipped,West,Delhi,Home & Kitchen,PROD7637,3,4337,10,Debit Card,13011,2602.2000000000003,2024-05
ORD1508,CUST533,2024-05-23,canceled,East,Karnataka,Books,PROD7233,4,2925,20,Credit Card,11700,3510.0000000000005,2024-05
ORD1509,CUST949,2024-05-24,canceled,East,Maharashtra,Beauty,PROD3700,2,793,20,Net Banking,1586,475.80000000000007,2024-05
ORD1510,CUST383,2024-05-25,canceled,West,West Bengal,Home & Kitchen,PROD1895,1,2026,20,Debit Card,2026,607.8000000000001,2024-05
ORD1511,CUST145,2024-05-26,delivered,Central,Delhi,Books,PROD7086,2,3429,0,UPI,6858,685.8000000000001,2024-05
ORD1512,CUST103,2024-05-27,delivered,North,West Bengal,Fashion,PROD7950,3,3487,10,UPI,10461,2092.2000000000003,2024-05
ORD1513,CUST441,2024-05-28,returned,South,Gujarat,Sports,PROD4190,2,4273,5,Net Banking,8546,1281.9,2024-05
ORD1514,CUST889,2024-05-29,shipped,Central,Tamil Nadu,Sports,PROD5422,2,333,0,Cash on Delivery,666,66.60000000000001,2024-05
ORD1515,CUST233,2024-05-30,returned,North,Tamil Nadu,Home & Kitchen,PROD2776,3,3338,15,UPI,10014,2503.5,2024-05
ORD1516,CUST752,2024-05-31,delivered,East,Karnataka,Electronics,PROD2710,4,4119,10,Credit Card,16476,3295.2000000000003,2024-05
ORD1517,CUST368,2024-06-01,shipped,South,Delhi,Fashion,PROD2274,2,272,10,Debit Card,544,108.80000000000001,2024-06
ORD1518,CUST265,2024-06-02,processing,Central,Uttar Pradesh,Books,PROD6942,4,4694,15,Debit Card,18776,4694.0,2024-06
ORD1519,CUST859,2024-06-03,shipped,South,Tamil Nadu,Sports,PROD6496,2,4425,15,Credit Card,8850,2212.5,2024-06
ORD1520,CUST552,2024-06-04,delivered,East,Uttar Pradesh,Sports,PROD1459,4,3178,15,UPI,12712,3178.0,2024-06
ORD1521,CUST664,2024-06-05,processing,North,Tamil Nadu,Electronics,PROD4924,3,4561,5,Debit Card,13683,2052.4500000000003,2024-06
ORD1522,CUST822,2024-06-06,processing,North,Uttar Pradesh,Home & Kitchen,PROD5623,2,2185,20,Credit Card,4370,1311.0000000000002,2024-06
ORD1523,CUST537,2024-06-07,shipped,North,Maharashtra,Electronics,PROD3666,3,992,10,Cash on Delivery,2976,595.2,2024-06
ORD1524,CUST674,2024-06-08,canceled,Central,Delhi,Beauty,PROD9873,2,4459,20,UPI,8918,2675.4000000000005,2024-06
ORD1525,CUST109,2024-06-09,delivered,North,Maharashtra,Books,PROD2744,3,294,20,Cash on Delivery,882,264.6,2024-06
ORD1526,CUST214,2024-06-10,delivered,Central,Maharashtra,Electronics,PROD2070,3,1333,15,Net Banking,3999,999.75,2024-06
ORD1527,CUST177,2024-06-11,canceled,Central,Delhi,Fashion,PROD4471,2,437,5,Cash on Delivery,874,131.10000000000002,2024-06
ORD1528,CUST807,2024-06-12,returned,West,West Bengal,Books,PROD1179,2,3146,0,Net Banking,6292,629.2,2024-06
ORD1529,CUST252,2024-06-13,returned,Central,Gujarat,Sports,PROD6064,2,2730,5,Cash on Delivery,5460,819.0000000000001,2024-06
ORD1530,CUST658,2024-06-14,delivered,South,Uttar Pradesh,Home & Kitchen,PROD4075,1,2160,20,UPI,2160,648.0000000000001,2024-06
ORD1531,CUST136,2024-06-15,canceled,North,Maharashtra,Beauty,PROD4305,4,1248,5,Cash on Delivery,4992,748.8000000000001,2024-06
ORD1532,CUST954,2024-06-16,canceled,Central,Delhi,Fashion,PROD1530,1,2729,15,Net Banking,2729,682.25,2024-06
ORD1533,CUST478,2024-06-17,processing,East,Uttar Pradesh,Sports,PROD4937,1,3164,0,Net Banking,3164,316.40000000000003,2024-06
ORD1534,CUST696,2024-06-18,returned,Central,Delhi,Sports,PROD5410,3,1163,15,Cash on Delivery,3489,872.25,2024-06
ORD1535,CUST665,2024-06-19,returned,Central,Delhi,Home & Kitchen,PROD2393,2,736,0,Credit Card,1472,147.20000000000002,2024-06
ORD1536,CUST251,2024-06-20,processing,West,Gujarat,Books,PROD1735,4,4423,20,UPI,17692,5307.6,2024-06
ORD1537,CUST540,2024-06-21,shipped,South,Gujarat,Home & Kitchen,PROD8926,3,3879,0,UPI,11637,1163.7,2024-06
ORD1538,CUST230,2024-06-22,returned,East,West Bengal,Books,PROD1748,1,4387,0,UPI,4387,438.70000000000005,2024-06
ORD1539,CUST142,2024-06-23,processing,West,Gujarat,Home & Kitchen,PROD1787,2,3924,0,UPI,7848,784.8000000000001,2024-06
ORD1540,CUST415,2024-06-24,canceled,South,Maharashtra,Books,PROD6154,3,742,5,Net Banking,2226,333.90000000000003,2024-06
ORD1541,CUST473,2024-06-25,shipped,Central,Delhi,Beauty,PROD2527,2,1045,5,Debit Card,2090,313.50000000000006,2024-06
ORD1542,CUST915,2024-06-26,delivered,East,Delhi,Home & Kitchen,PROD6056,3,3803,20,Net Banking,11409,3422.7000000000007,2024-06
ORD1543,CUST981,2024-06-27,canceled,South,Tamil Nadu,Fashion,PROD1138,2,3236,0,Net Banking,6472,647.2,2024-06
ORD1544,CUST140,2024-06-28,shipped,West,Maharashtra,Books,PROD6843,1,2694,10,Debit Card,2694,538.8000000000001,2024-06
ORD1545,CUST466,2024-06-29,processing,Central,Uttar Pradesh,Home & Kitchen,PROD5626,4,4685,20,Cash on Delivery,18740,5622.000000000001,2024-06
ORD1546,CUST315,2024-06-30,canceled,Central,Gujarat,Home & Kitchen,PROD7523,1,2919,0,Debit Card,2919,291.90000000000003,2024-06
ORD1547,CUST798,2024-07-01,shipped,North,Maharashtra,Fashion,PROD9195,4,2084,0,Net Banking,8336,833.6,2024-07
ORD1548,CUST355,2024-07-02,delivered,West,West Bengal,Beauty,PROD4192,2,4338,5,UPI,8676,1301.4,2024-07
ORD1549,CUST782,2024-07-03,canceled,East,West Bengal,Sports,PROD6152,3,4549,20,Net Banking,13647,4094.100000000001,2024-07
ORD1550,CUST205,2024-07-04,canceled,Central,Delhi,Home & Kitchen,PROD7400,1,3401,0,Credit Card,3401,340.1,2024-07
ORD1551,CUST462,2024-07-05,returned,North,Tamil Nadu,Electronics,PROD6830,4,2910,0,Cash on Delivery,11640,1164.0,2024-07
ORD1552,CUST898,2024-07-06,shipped,South,Tamil Nadu,Books,PROD3122,1,2153,20,Credit Card,2153,645.9000000000001,2024-07
ORD1553,CUST673,2024-07-07,shipped,Central,Karnataka,Fashion,PROD2595,4,4937,10,Net Banking,19748,3949.6000000000004,2024-07
ORD1554,CUST995,2024-07-08,returned,South,Karnataka,Books,PROD6428,1,4050,20,Cash on Delivery,4050,1215.0000000000002,2024-07
ORD1555,CUST516,2024-07-09,processing,Central,Tamil Nadu,Electronics,PROD7672,4,889,20,UPI,3556,1066.8000000000002,2024-07
ORD1556,CUST735,2024-07-10,processing,South,West Bengal,Sports,PROD9250,4,2150,10,Credit Card,8600,1720.0,2024-07
ORD1557,CUST867,2024-07-11,returned,West,Maharashtra,Beauty,PROD2654,2,656,20,Debit Card,1312,393.6000000000001,2024-07
ORD1558,CUST258,2024-07-12,canceled,South,Maharashtra,Electronics,PROD9227,4,2330,0,Cash on Delivery,9320,932.0,2024-07
ORD1559,CUST342,2024-07-13,delivered,South,Delhi,Electronics,PROD3460,2,4176,20,UPI,8352,2505.6000000000004,2024-07
ORD1560,CUST985,2024-07-14,processing,Central,West Bengal,Books,PROD1388,4,4444,10,UPI,17776,3555.2000000000003,2024-07
ORD1561,CUST266,2024-07-15,delivered,Central,Karnataka,Fashion,PROD7260,3,1379,15,UPI,4137,1034.25,2024-07
ORD1562,CUST919,2024-07-16,shipped,South,Tamil Nadu,Beauty,PROD8814,3,4485,20,UPI,13455,4036.5000000000005,2024-07
ORD1563,CUST930,2024-07-17,shipped,West,West Bengal,Sports,PROD1612,3,3765,5,Net Banking,11295,1694.2500000000002,2024-07
ORD1564,CUST281,2024-07-18,processing,East,Delhi,Books,PROD5753,4,1082,0,Net Banking,4328,432.8,2024-07
ORD1565,CUST522,2024-07-19,canceled,North,Gujarat,Books,PROD3641,2,599,0,Credit Card,1198,119.80000000000001,2024-07
ORD1566,CUST125,2024-07-20,shipped,South,Uttar Pradesh,Beauty,PROD3482,2,808,5,Debit Card,1616,242.40000000000003,2024-07
ORD1567,CUST283,2024-07-21,delivered,West,West Bengal,Beauty,PROD8587,4,1838,5,Cash on Delivery,7352,1102.8000000000002,2024-07
ORD1568,CUST854,2024-07-22,canceled,South,Uttar Pradesh,Sports,PROD2290,3,2348,20,Cash on Delivery,7044,2113.2000000000003,2024-07
ORD1569,CUST440,2024-07-23,processing,North,Maharashtra,Electronics,PROD2528,3,1582,5,Debit Card,4746,711.9000000000001,2024-07
ORD1570,CUST901,2024-07-24,shipped,East,Delhi,Books,PROD4794,2,1603,15,Cash on Delivery,3206,801.5,2024-07
ORD1571,CUST521,2024-07-25,processing,East,Delhi,Books,PROD4533,3,1019,10,UPI,3057,611.4,2024-07
ORD1572,CUST921,2024-07-26,canceled,South,Gujarat,Electronics,PROD3307,1,3492,5,Cash on Delivery,3492,523.8000000000001,2024-07
ORD1573,CUST785,2024-07-27,canceled,North,Tamil Nadu,Sports,PROD3638,2,1019,5,Net Banking,2038,305.70000000000005,2024-07
ORD1574,CUST984,2024-07-28,canceled,South,Gujarat,Electronics,PROD9218,3,619,15,Net Banking,1857,464.25,2024-07
ORD1575,CUST852,2024-07-29,returned,Central,West Bengal,Books,PROD9459,2,4419,0,Credit Card,8838,883.8000000000001,2024-07
ORD1576,CUST930,2024-07-30,returned,East,Delhi,Beauty,PROD9573,1,4717,0,UPI,4717,471.70000000000005,2024-07
ORD1577,CUST354,2024-07-31,delivered,West,Tamil Nadu,Books,PROD6593,2,3502,20,Cash on Delivery,7004,2101.2000000000003,2024-07
ORD1578,CUST373,2024-08-01,canceled,West,Gujarat,Electronics,PROD8331,2,1708,15,Net Banking,3416,854.0,2024-08
ORD1579,CUST263,2024-08-02,canceled,West,Gujarat,Home & Kitchen,PROD3149,2,967,10,Debit Card,1934,386.8,2024-08
ORD1580,CUST906,2024-08-03,shipped,North,Karnataka,Beauty,PROD6554,2,2244,10,Net Banking,4488,897.6,2024-08
ORD1581,CUST818,2024-08-04,delivered,North,West Bengal,Sports,PROD5765,1,2339,15,Cash on Delivery,2339,584.75,2024-08
ORD1582,CUST210,2024-08-05,delivered,East,Delhi,Home & Kitchen,PROD6903,4,3229,10,Debit Card,12916,2583.2000000000003,2024-08
ORD1583,CUST491,2024-08-06,processing,North,West Bengal,Beauty,PROD8059,2,1749,0,Net Banking,3498,349.8,2024-08
ORD1584,CUST993,2024-08-07,canceled,Central,West Bengal,Fashion,PROD1655,2,1964,10,Cash on Delivery,3928,785.6,2024-08
ORD1585,CUST139,2024-08-08,shipped,East,Maharashtra,Books,PROD7350,3,2845,10,Credit Card,8535,1707.0,2024-08
ORD1586,CUST979,2024-08-09,processing,East,Gujarat,Electronics,PROD4917,2,3916,15,Credit Card,7832,1958.0,2024-08
ORD1587,CUST581,2024-08-10,returned,Central,West Bengal,Electronics,PROD4421,3,4805,15,Net Banking,14415,3603.75,2024-08
ORD1588,CUST327,2024-08-11,canceled,Central,Maharashtra,Beauty,PROD2228,4,4681,10,Debit Card,18724,3744.8,2024-08
ORD1589,CUST304,2024-08-12,delivered,Central,Delhi,Home & Kitchen,PROD3496,1,2493,5,Debit Card,2493,373.95000000000005,2024-08
ORD1590,CUST936,2024-08-13,canceled,South,West Bengal,Fashion,PROD9151,1,2908,15,Credit Card,2908,727.0,2024-08
ORD1591,CUST571,2024-08-14,canceled,West,Karnataka,Beauty,PROD2595,4,1100,20,Cash on Delivery,4400,1320.0000000000002,2024-08
ORD1592,CUST458,2024-08-15,returned,West,Uttar Pradesh,Electronics,PROD1244,1,3284,20,UPI,3284,985.2000000000002,2024-08
ORD1593,CUST412,2024-08-16,shipped,East,Maharashtra,Fashion,PROD3336,4,2209,0,Debit Card,8836,883.6,2024-08
ORD1594,CUST940,2024-08-17,shipped,Central,Karnataka,Books,PROD6071,4,441,10,Debit Card,1764,352.8,2024-08
ORD1595,CUST914,2024-08-18,shipped,North,Delhi,Electronics,PROD9964,4,2585,5,Net Banking,10340,1551.0000000000002,2024-08
ORD1596,CUST992,2024-08-19,processing,Central,Gujarat,Home & Kitchen,PROD2428,1,4468,0,Cash on Delivery,4468,446.8,2024-08
ORD1597,CUST333,2024-08-20,shipped,East,Karnataka,Books,PROD9174,3,871,10,Net Banking,2613,522.6,2024-08
ORD1598,CUST328,2024-08-21,processing,West,West Bengal,Books,PROD2541,4,363,15,UPI,1452,363.0,2024-08
ORD1599,CUST124,2024-08-22,returned,South,Uttar Pradesh,Home & Kitchen,PROD8451,2,664,20,Debit Card,1328,398.40000000000003,2024-08
ORD1600,CUST775,2024-08-23,canceled,Central,Uttar Pradesh,Fashion,PROD6139,1,3242,5,Net Banking,3242,486.30000000000007,2024-08
ORD1601,CUST297,2024-08-24,processing,West,Uttar Pradesh,Electronics,PROD3780,4,4792,20,Cash on Delivery,19168,5750.400000000001,2024-08
ORD1602,CUST508,2024-08-25,returned,East,Gujarat,Sports,PROD5843,4,4995,15,UPI,19980,4995.0,2024-08
ORD1603,CUST436,2024-08-26,processing,East,Tamil Nadu,Books,PROD3645,2,2642,10,UPI,5284,1056.8,2024-08
ORD1604,CUST385,2024-08-27,returned,West,Gujarat,Home & Kitchen,PROD2116,3,4998,15,UPI,14994,3748.5,2024-08
ORD1605,CUST985,2024-08-28,shipped,West,West Bengal,Books,PROD5589,3,2555,15,Credit Card,7665,1916.25,2024-08
ORD1606,CUST171,2024-08-29,shipped,Central,Maharashtra,Fashion,PROD6952,3,4478,20,UPI,13434,4030.2000000000007,2024-08
ORD1607,CUST891,2024-08-30,returned,North,Uttar Pradesh,Fashion,PROD6789,4,4924,5,Cash on Delivery,19696,2954.4000000000005,2024-08
ORD1608,CUST385,2024-08-31,delivered,Central,Karnataka,Beauty,PROD2461,4,2757,15,Cash on Delivery,11028,2757.0,2024-08
ORD1609,CUST459,2024-09-01,returned,South,West Bengal,Home & Kitchen,PROD2165,4,745,20,Cash on Delivery,2980,894.0000000000001,2024-09
ORD1610,CUST756,2024-09-02,processing,West,Maharashtra,Electronics,PROD3935,1,4919,5,Net Banking,4919,737.8500000000001,2024-09
ORD1611,CUST621,2024-09-03,returned,South,Uttar Pradesh,Home & Kitchen,PROD8548,2,4035,10,Debit Card,8070,1614.0,2024-09
ORD1612,CUST509,2024-09-04,canceled,South,West Bengal,Beauty,PROD5226,4,793,10,Net Banking,3172,634.4000000000001,2024-09
ORD1613,CUST795,2024-09-05,delivered,North,Karnataka,Books,PROD8753,2,4004,0,Net Banking,8008,800.8000000000001,2024-09
ORD1614,CUST963,2024-09-06,returned,Central,Maharashtra,Books,PROD5194,2,1659,20,Net Banking,3318,995.4000000000001,2024-09
ORD1615,CUST649,2024-09-07,delivered,East,Maharashtra,Sports,PROD8242,3,3693,5,UPI,11079,1661.8500000000001,2024-09
ORD1616,CUST439,2024-09-08,delivered,South,Delhi,Fashion,PROD3301,1,2801,15,Net Banking,2801,700.25,2024-09
ORD1617,CUST128,2024-09-09,returned,South,Karnataka,Electronics,PROD3031,4,2644,10,Debit Card,10576,2115.2000000000003,2024-09
ORD1618,CUST218,2024-09-10,returned,South,Delhi,Fashion,PROD8999,3,2872,5,Debit Card,8616,1292.4,2024-09
ORD1619,CUST998,2024-09-11,shipped,South,Uttar Pradesh,Books,PROD1648,3,4400,20,Net Banking,13200,3960.0000000000005,2024-09
ORD1620,CUST367,2024-09-12,returned,East,Maharashtra,Beauty,PROD6955,4,216,0,UPI,864,86.4,2024-09
ORD1621,CUST282,2024-09-13,returned,Central,Karnataka,Electronics,PROD5696,2,3391,10,Credit Card,6782,1356.4,2024-09
ORD1622,CUST694,2024-09-14,shipped,North,Karnataka,Home & Kitchen,PROD7568,3,592,5,Cash on Delivery,1776,266.40000000000003,2024-09
ORD1623,CUST371,2024-09-15,shipped,South,Tamil Nadu,Sports,PROD7701,2,624,5,UPI,1248,187.20000000000002,2024-09
ORD1624,CUST139,2024-09-16,canceled,West,West Bengal,Sports,PROD3113,1,771,5,Net Banking,771,115.65000000000002,2024-09
ORD1625,CUST211,2024-09-17,returned,East,Uttar Pradesh,Beauty,PROD8222,2,3831,20,Debit Card,7662,2298.6000000000004,2024-09
ORD1626,CUST710,2024-09-18,processing,North,West Bengal,Fashion,PROD7008,1,1320,20,Credit Card,1320,396.00000000000006,2024-09
ORD1627,CUST544,2024-09-19,delivered,West,Maharashtra,Sports,PROD9396,2,441,20,Net Banking,882,264.6,2024-09
ORD1628,CUST453,2024-09-20,shipped,West,Uttar Pradesh,Fashion,PROD6138,3,4097,15,Cash on Delivery,12291,3072.75,2024-09
ORD1629,CUST846,2024-09-21,returned,West,West Bengal,Books,PROD7122,3,4295,5,Net Banking,12885,1932.7500000000002,2024-09
ORD1630,CUST905,2024-09-22,processing,South,Gujarat,Books,PROD2367,1,2479,10,Net Banking,2479,495.8,2024-09
ORD1631,CUST421,2024-09-23,delivered,Central,Tamil Nadu,Sports,PROD7769,4,988,20,Net Banking,3952,1185.6000000000001,2024-09
ORD1632,CUST546,2024-09-24,returned,South,Tamil Nadu,Books,PROD9289,1,914,20,Debit Card,914,274.20000000000005,2024-09
ORD1633,CUST720,2024-09-25,processing,West,Karnataka,Books,PROD8374,1,3049,5,Credit Card,3049,457.3500000000001,2024-09
ORD1634,CUST623,2024-09-26,delivered,North,Tamil Nadu,Sports,PROD5306,2,975,20,Cash on Delivery,1950,585.0000000000001,2024-09
ORD1635,CUST218,2024-09-27,processing,South,Uttar Pradesh,Sports,PROD1699,2,4226,15,Debit Card,8452,2113.0,2024-09
ORD1636,CUST494,2024-09-28,shipped,North,Maharashtra,Fashion,PROD1934,1,2447,15,Debit Card,2447,611.75,2024-09
ORD1637,CUST690,2024-09-29,returned,South,West Bengal,Electronics,PROD5011,3,278,20,Cash on Delivery,834,250.20000000000005,2024-09
ORD1638,CUST294,2024-09-30,processing,Central,Delhi,Sports,PROD1130,2,4126,5,Cash on Delivery,8252,1237.8000000000002,2024-09
ORD1639,CUST360,2024-10-01,processing,Central,West Bengal,Fashion,PROD3532,4,1055,5,Cash on Delivery,4220,633.0000000000001,2024-10
ORD1640,CUST145,2024-10-02,returned,South,Gujarat,Books,PROD2725,2,2348,5,Credit Card,4696,704.4000000000001,2024-10
ORD1641,CUST825,2024-10-03,delivered,South,Uttar Pradesh,Electronics,PROD5762,2,1231,0,Cash on Delivery,2462,246.20000000000002,2024-10
ORD1642,CUST546,2024-10-04,returned,Central,Gujarat,Fashion,PROD7157,4,3471,20,Cash on Delivery,13884,4165.200000000001,2024-10
ORD1643,CUST101,2024-10-05,processing,North,West Bengal,Home & Kitchen,PROD3592,1,3776,5,Net Banking,3776,566.4000000000001,2024-10
ORD1644,CUST632,2024-10-06,canceled,Central,Tamil Nadu,Sports,PROD7541,4,4382,15,Credit Card,17528,4382.0,2024-10
ORD1645,CUST925,2024-10-07,delivered,South,Gujarat,Fashion,PROD2195,1,3656,10,UPI,3656,731.2,2024-10
ORD1646,CUST651,2024-10-08,processing,North,West Bengal,Sports,PROD4654,1,3706,10,Cash on Delivery,3706,741.2,2024-10
ORD1647,CUST803,2024-10-09,canceled,South,Gujarat,Books,PROD7360,1,607,5,Debit Card,607,91.05000000000001,2024-10
ORD1648,CUST836,2024-10-10,delivered,East,Tamil Nadu,Home & Kitchen,PROD8573,4,2911,10,Debit Card,11644,2328.8,2024-10
ORD1649,CUST859,2024-10-11,shipped,South,Karnataka,Fashion,PROD2531,1,3288,10,Cash on Delivery,3288,657.6,2024-10
ORD1650,CUST854,2024-10-12,returned,Central,Karnataka,Books,PROD6716,3,1868,0,Net Banking,5604,560.4,2024-10
ORD1651,CUST786,2024-10-13,delivered,West,Karnataka,Electronics,PROD8632,4,347,15,Credit Card,1388,347.0,2024-10
ORD1652,CUST301,2024-10-14,delivered,Central,Uttar Pradesh,Books,PROD8675,3,4527,15,UPI,13581,3395.25,2024-10
ORD1653,CUST472,2024-10-15,processing,Central,West Bengal,Books,PROD9767,1,4097,0,Credit Card,4097,409.70000000000005,2024-10
ORD1654,CUST541,2024-10-16,canceled,North,Delhi,Sports,PROD8616,2,2150,0,Cash on Delivery,4300,430.0,2024-10
ORD1655,CUST171,2024-10-17,delivered,East,Karnataka,Sports,PROD2787,1,565,10,Net Banking,565,113.0,2024-10
ORD1656,CUST780,2024-10-18,returned,North,Maharashtra,Home & Kitchen,PROD2406,3,1874,20,Cash on Delivery,5622,1686.6000000000001,2024-10
ORD1657,CUST438,2024-10-19,delivered,South,Maharashtra,Books,PROD3953,3,4731,10,Cash on Delivery,14193,2838.6000000000004,2024-10
ORD1658,CUST738,2024-10-20,delivered,West,Karnataka,Sports,PROD2775,4,4694,0,Debit Card,18776,1877.6000000000001,2024-10
ORD1659,CUST421,2024-10-21,processing,Central,Karnataka,Beauty,PROD7503,2,2746,15,Debit Card,5492,1373.0,2024-10
ORD1660,CUST779,2024-10-22,delivered,West,Delhi,Electronics,PROD8096,4,762,10,Net Banking,3048,609.6,2024-10
ORD1661,CUST968,2024-10-23,canceled,West,Delhi,Beauty,PROD4268,3,3762,20,UPI,11286,3385.8000000000006,2024-10
ORD1662,CUST227,2024-10-24,processing,South,Uttar Pradesh,Books,PROD7578,1,2689,10,Debit Card,2689,537.8000000000001,2024-10
ORD1663,CUST837,2024-10-25,shipped,South,Uttar Pradesh,Books,PROD6385,2,972,5,Debit Card,1944,291.6,2024-10
ORD1664,CUST407,2024-10-26,shipped,West,Gujarat,Books,PROD2056,1,2237,10,Net Banking,2237,447.40000000000003,2024-10
ORD1665,CUST619,2024-10-27,processing,Central,Maharashtra,Electronics,PROD6198,1,3623,0,Debit Card,3623,362.3,2024-10
ORD1666,CUST416,2024-10-28,canceled,South,Delhi,Home & Kitchen,PROD6610,2,2767,15,UPI,5534,1383.5,2024-10
ORD1667,CUST782,2024-10-29,processing,Central,West Bengal,Beauty,PROD8967,4,1773,15,Debit Card,7092,1773.0,2024-10
ORD1668,CUST518,2024-10-30,processing,South,Uttar Pradesh,Beauty,PROD4483,1,3894,0,UPI,3894,389.40000000000003,2024-10
ORD1669,CUST434,2024-10-31,processing,Central,West Bengal,Home & Kitchen,PROD8802,3,3491,5,Credit Card,10473,1570.9500000000003,2024-10
ORD1670,CUST512,2024-11-01,processing,Central,Gujarat,Electronics,PROD2873,1,1446,0,Credit Card,1446,144.6,2024-11
ORD1671,CUST813,2024-11-02,delivered,East,Uttar Pradesh,Books,PROD5560,2,3919,10,Debit Card,7838,1567.6000000000001,2024-11
ORD1672,CUST402,2024-11-03,returned,South,Karnataka,Sports,PROD8447,2,4039,0,Cash on Delivery,8078,807.8000000000001,2024-11
ORD1673,CUST667,2024-11-04,shipped,East,Delhi,Beauty,PROD1627,2,559,0,Net Banking,1118,111.80000000000001,2024-11
ORD1674,CUST230,2024-11-05,canceled,West,Uttar Pradesh,Beauty,PROD9930,4,2576,5,Net Banking,10304,1545.6000000000001,2024-11
ORD1675,CUST296,2024-11-06,delivered,Central,Karnataka,Home & Kitchen,PROD3551,1,3209,10,Debit Card,3209,641.8000000000001,2024-11
ORD1676,CUST530,2024-11-07,shipped,Central,Gujarat,Sports,PROD8699,4,3193,20,Cash on Delivery,12772,3831.6000000000004,2024-11
ORD1677,CUST780,2024-11-08,returned,North,West Bengal,Electronics,PROD3384,4,1162,20,Net Banking,4648,1394.4000000000003,2024-11
ORD1678,CUST488,2024-11-09,processing,South,West Bengal,Books,PROD4497,2,3832,15,Debit Card,7664,1916.0,2024-11
ORD1679,CUST793,2024-11-10,returned,West,Gujarat,Fashion,PROD6245,2,2027,0,Debit Card,4054,405.40000000000003,2024-11
ORD1680,CUST866,2024-11-11,shipped,West,Maharashtra,Electronics,PROD1513,4,1813,15,Net Banking,7252,1813.0,2024-11
ORD1681,CUST278,2024-11-12,shipped,South,Tamil Nadu,Home & Kitchen,PROD7230,1,1840,5,Cash on Delivery,1840,276.00000000000006,2024-11
ORD1682,CUST730,2024-11-13,delivered,North,Delhi,Beauty,PROD2022,3,2416,20,Credit Card,7248,2174.4000000000005,2024-11
ORD1683,CUST682,2024-11-14,delivered,North,Maharashtra,Sports,PROD6922,4,4512,0,Cash on Delivery,18048,1804.8000000000002,2024-11
ORD1684,CUST408,2024-11-15,canceled,South,Maharashtra,Beauty,PROD8046,1,577,5,UPI,577,86.55000000000001,2024-11
ORD1685,CUST515,2024-11-16,processing,Central,Delhi,Home & Kitchen,PROD8756,2,4414,5,Debit Card,8828,1324.2000000000003,2024-11
ORD1686,CUST661,2024-11-17,returned,Central,Tamil Nadu,Electronics,PROD4496,2,4485,0,Debit Card,8970,897.0,2024-11
ORD1687,CUST953,2024-11-18,processing,West,Karnataka,Beauty,PROD1886,1,569,5,Net Banking,569,85.35000000000001,2024-11
ORD1688,CUST100,2024-11-19,returned,South,Maharashtra,Fashion,PROD4465,3,2396,0,Credit Card,7188,718.8000000000001,2024-11
ORD1689,CUST411,2024-11-20,processing,Central,Maharashtra,Home & Kitchen,PROD1375,2,3947,0,Credit Card,7894,789.4000000000001,2024-11
ORD1690,CUST393,2024-11-21,shipped,North,Tamil Nadu,Electronics,PROD7929,2,851,10,Credit Card,1702,340.40000000000003,2024-11
ORD1691,CUST315,2024-11-22,shipped,South,Karnataka,Sports,PROD5421,2,969,15,Net Banking,1938,484.5,2024-11
ORD1692,CUST540,2024-11-23,processing,West,Maharashtra,Electronics,PROD5129,1,2621,5,Cash on Delivery,2621,393.15000000000003,2024-11
ORD1693,CUST904,2024-11-24,canceled,Central,West Bengal,Books,PROD3885,4,980,5,Net Banking,3920,588.0000000000001,2024-11
ORD1694,CUST693,2024-11-25,shipped,Central,Tamil Nadu,Fashion,PROD2369,2,1916,10,Net Banking,3832,766.4000000000001,2024-11
ORD1695,CUST721,2024-11-26,canceled,North,Delhi,Books,PROD3322,4,4183,10,Credit Card,16732,3346.4,2024-11
ORD1696,CUST770,2024-11-27,shipped,Central,Tamil Nadu,Beauty,PROD2134,3,1511,10,Net Banking,4533,906.6,2024-11
ORD1697,CUST429,2024-11-28,delivered,Central,Gujarat,Electronics,PROD5487,2,3559,20,UPI,7118,2135.4,2024-11
ORD1698,CUST576,2024-11-29,delivered,North,Tamil Nadu,Fashion,PROD7636,2,722,20,Cash on Delivery,1444,433.20000000000005,2024-11
ORD1699,CUST552,2024-11-30,processing,North,Uttar Pradesh,Fashion,PROD2338,3,721,20,Credit Card,2163,648.9000000000001,2024-11
ORD1700,CUST552,2024-12-01,returned,West,West Bengal,Fashion,PROD5887,2,2520,0,Cash on Delivery,5040,504.0,2024-12
ORD1701,CUST791,2024-12-02,delivered,South,Maharashtra,Home & Kitchen,PROD8396,4,1135,5,Cash on Delivery,4540,681.0000000000001,2024-12
ORD1702,CUST318,2024-12-03,shipped,Central,Karnataka,Home & Kitchen,PROD7876,1,2430,15,Credit Card,2430,607.5,2024-12
ORD1703,CUST623,2024-12-04,shipped,Central,Delhi,Electronics,PROD9597,4,4240,0,Net Banking,16960,1696.0,2024-12
ORD1704,CUST584,2024-12-05,delivered,North,West Bengal,Books,PROD4507,1,4783,5,Net Banking,4783,717.4500000000002,2024-12
ORD1705,CUST912,2024-12-06,delivered,West,Uttar Pradesh,Books,PROD5250,1,3897,5,Credit Card,3897,584.5500000000001,2024-12
ORD1706,CUST915,2024-12-07,returned,Central,Tamil Nadu,Electronics,PROD4015,4,3037,10,UPI,12148,2429.6,2024-12
ORD1707,CUST853,2024-12-08,delivered,West,Delhi,Electronics,PROD1880,4,4283,10,Net Banking,17132,3426.4,2024-12
ORD1708,CUST273,2024-12-09,processing,East,Karnataka,Beauty,PROD2514,4,2661,0,Credit Card,10644,1064.4,2024-12
ORD1709,CUST774,2024-12-10,returned,North,Delhi,Beauty,PROD8021,4,3443,10,UPI,13772,2754.4,2024-12
ORD1710,CUST186,2024-12-11,delivered,Central,Delhi,Electronics,PROD6603,3,3559,5,Net Banking,10677,1601.5500000000002,2024-12
ORD1711,CUST390,2024-12-12,shipped,West,West Bengal,Sports,PROD5864,2,885,10,Cash on Delivery,1770,354.0,2024-12
ORD1712,CUST627,2024-12-13,delivered,South,West Bengal,Books,PROD3695,1,2360,20,Net Banking,2360,708.0000000000001,2024-12
ORD1713,CUST779,2024-12-14,processing,West,Maharashtra,Home & Kitchen,PROD4253,4,4188,10,Net Banking,16752,3350.4,2024-12
ORD1714,CUST748,2024-12-15,processing,West,Karnataka,Home & Kitchen,PROD6722,4,4266,5,Credit Card,17064,2559.6000000000004,2024-12
ORD1715,CUST734,2024-12-16,shipped,East,Tamil Nadu,Fashion,PROD7866,4,1767,0,Credit Card,7068,706.8000000000001,2024-12
ORD1716,CUST443,2024-12-17,returned,Central,Maharashtra,Electronics,PROD8890,3,238,15,Debit Card,714,178.5,2024-12
ORD1717,CUST195,2024-12-18,shipped,Central,Maharashtra,Beauty,PROD8790,4,2744,10,UPI,10976,2195.2000000000003,2024-12
ORD1718,CUST938,2024-12-19,delivered,North,Gujarat,Fashion,PROD9773,4,1456,5,Cash on Delivery,5824,873.6000000000001,2024-12
ORD1719,CUST869,2024-12-20,shipped,West,Gujarat,Home & Kitchen,PROD3632,4,3190,15,Credit Card,12760,3190.0,2024-12
ORD1720,CUST340,2024-12-21,returned,South,Tamil Nadu,Electronics,PROD8156,2,2396,15,Debit Card,4792,1198.0,2024-12
ORD1721,CUST788,2024-12-22,canceled,East,Gujarat,Home & Kitchen,PROD6811,3,3668,20,UPI,11004,3301.2000000000003,2024-12
ORD1722,CUST417,2024-12-23,shipped,West,Uttar Pradesh,Sports,PROD7375,4,2908,15,Net Banking,11632,2908.0,2024-12
ORD1723,CUST330,2024-12-24,returned,South,West Bengal,Fashion,PROD1162,1,501,5,UPI,501,75.15,2024-12
ORD1724,CUST925,2024-12-25,canceled,North,Karnataka,Electronics,PROD4253,1,846,5,Debit Card,846,126.90000000000002,2024-12
ORD1725,CUST303,2024-12-26,returned,East,Delhi,Sports,PROD2274,1,4958,10,Debit Card,4958,991.6,2024-12
ORD1726,CUST250,2024-12-27,returned,Central,Uttar Pradesh,Sports,PROD3369,3,1959,10,Net Banking,5877,1175.4,2024-12
ORD1727,CUST125,2024-12-28,canceled,Central,Karnataka,Beauty,PROD6304,3,4551,10,Debit Card,13653,2730.6000000000004,2024-12
ORD1728,CUST147,2024-12-29,shipped,West,West Bengal,Electronics,PROD6185,1,797,15,UPI,797,199.25,2024-12
ORD1729,CUST350,2024-12-30,canceled,East,West Bengal,Books,PROD1232,4,861,15,Credit Card,3444,861.0,2024-12
ORD1730,CUST586,2024-12-31,shipped,South,Gujarat,Beauty,PROD3465,3,4530,20,UPI,13590,4077.0000000000005,2024-12
ORD1731,CUST725,2025-01-01,returned,North,Karnataka,Sports,PROD8514,1,1568,10,Credit Card,1568,313.6,2025-01
ORD1732,CUST970,2025-01-02,shipped,North,Delhi,Electronics,PROD3416,1,2781,0,Net Banking,2781,278.1,2025-01
ORD1733,CUST886,2025-01-03,processing,Central,Uttar Pradesh,Electronics,PROD9182,4,4068,20,Net Banking,16272,4881.6,2025-01
ORD1734,CUST174,2025-01-04,canceled,Central,West Bengal,Electronics,PROD6184,2,3737,0,Debit Card,7474,747.4000000000001,2025-01
ORD1735,CUST566,2025-01-05,canceled,North,West Bengal,Electronics,PROD2861,3,4508,15,UPI,13524,3381.0,2025-01
ORD1736,CUST524,2025-01-06,delivered,Central,Uttar Pradesh,Beauty,PROD7658,4,4758,20,UPI,19032,5709.600000000001,2025-01
ORD1737,CUST744,2025-01-07,returned,North,Gujarat,Home & Kitchen,PROD5305,1,482,20,UPI,482,144.60000000000002,2025-01
ORD1738,CUST689,2025-01-08,returned,West,Uttar Pradesh,Books,PROD9531,1,3878,5,Net Banking,3878,581.7,2025-01
ORD1739,CUST299,2025-01-09,shipped,South,Delhi,Electronics,PROD1060,4,1686,15,UPI,6744,1686.0,2025-01
ORD1740,CUST835,2025-01-10,processing,East,Delhi,Fashion,PROD8381,3,4282,15,Net Banking,12846,3211.5,2025-01
ORD1741,CUST813,2025-01-11,returned,West,Karnataka,Electronics,PROD3059,2,4383,20,UPI,8766,2629.8,2025-01
ORD1742,CUST493,2025-01-12,processing,East,Uttar Pradesh,Beauty,PROD8361,2,660,15,Cash on Delivery,1320,330.0,2025-01
ORD1743,CUST606,2025-01-13,delivered,North,Tamil Nadu,Electronics,PROD2596,1,2525,20,UPI,2525,757.5000000000001,2025-01
ORD1744,CUST509,2025-01-14,canceled,South,Gujarat,Home & Kitchen,PROD1597,3,3954,5,Cash on Delivery,11862,1779.3000000000002,2025-01
ORD1745,CUST349,2025-01-15,processing,West,Karnataka,Sports,PROD4581,2,2668,20,Credit Card,5336,1600.8000000000002,2025-01
ORD1746,CUST251,2025-01-16,returned,Central,Tamil Nadu,Books,PROD4074,3,1924,15,Debit Card,5772,1443.0,2025-01
ORD1747,CUST771,2025-01-17,canceled,East,Gujarat,Beauty,PROD7884,3,1576,15,Debit Card,4728,1182.0,2025-01
ORD1748,CUST804,2025-01-18,processing,East,Karnataka,Electronics,PROD9947,1,2943,20,Cash on Delivery,2943,882.9000000000001,2025-01
ORD1749,CUST105,2025-01-19,processing,Central,Tamil Nadu,Electronics,PROD3721,2,714,20,UPI,1428,428.4000000000001,2025-01
ORD1750,CUST868,2025-01-20,shipped,West,Delhi,Books,PROD7185,4,902,20,Credit Card,3608,1082.4,2025-01
ORD1751,CUST981,2025-01-21,canceled,Central,Karnataka,Electronics,PROD4541,1,1853,10,Debit Card,1853,370.6,2025-01
ORD1752,CUST888,2025-01-22,processing,East,Karnataka,Sports,PROD6703,2,2266,15,UPI,4532,1133.0,2025-01
ORD1753,CUST209,2025-01-23,shipped,Central,Gujarat,Electronics,PROD4436,2,222,15,Cash on Delivery,444,111.0,2025-01
ORD1754,CUST897,2025-01-24,returned,East,Gujarat,Home & Kitchen,PROD4131,2,2660,10,UPI,5320,1064.0,2025-01
ORD1755,CUST535,2025-01-25,processing,West,Maharashtra,Beauty,PROD1235,2,1504,20,UPI,3008,902.4000000000001,2025-01
ORD1756,CUST324,2025-01-26,shipped,South,Tamil Nadu,Beauty,PROD7066,2,3500,5,UPI,7000,1050.0000000000002,2025-01
ORD1757,CUST280,2025-01-27,shipped,West,Karnataka,Electronics,PROD6960,3,561,20,Debit Card,1683,504.9000000000001,2025-01
ORD1758,CUST923,2025-01-28,canceled,Central,Karnataka,Sports,PROD1265,1,3927,20,Cash on Delivery,3927,1178.1000000000001,2025-01
ORD1759,CUST812,2025-01-29,shipped,Central,Delhi,Beauty,PROD5947,3,1484,10,UPI,4452,890.4000000000001,2025-01
ORD1760,CUST630,2025-01-30,processing,West,Tamil Nadu,Fashion,PROD6029,4,714,15,Net Banking,2856,714.0,2025-01
ORD1761,CUST575,2025-01-31,delivered,South,Uttar Pradesh,Sports,PROD9226,2,648,20,Net Banking,1296,388.80000000000007,2025-01
ORD1762,CUST151,2025-02-01,returned,East,Tamil Nadu,Books,PROD3043,1,2055,15,UPI,2055,513.75,2025-02
ORD1763,CUST670,2025-02-02,processing,Central,West Bengal,Sports,PROD9177,2,3762,0,Debit Card,7524,752.4000000000001,2025-02
ORD1764,CUST355,2025-02-03,processing,Central,Uttar Pradesh,Electronics,PROD8471,1,2720,15,Debit Card,2720,680.0,2025-02
ORD1765,CUST968,2025-02-04,returned,West,Karnataka,Beauty,PROD7783,3,3281,5,Debit Card,9843,1476.4500000000003,2025-02
ORD1766,CUST224,2025-02-05,returned,East,Tamil Nadu,Beauty,PROD7723,1,1628,5,Cash on Delivery,1628,244.20000000000005,2025-02
ORD1767,CUST567,2025-02-06,shipped,East,Tamil Nadu,Beauty,PROD6762,4,4167,20,UPI,16668,5000.400000000001,2025-02
ORD1768,CUST236,2025-02-07,processing,Central,Gujarat,Beauty,PROD6770,4,1122,15,Net Banking,4488,1122.0,2025-02
ORD1769,CUST920,2025-02-08,shipped,East,West Bengal,Sports,PROD9887,1,3337,20,UPI,3337,1001.1000000000001,2025-02
ORD1770,CUST575,2025-02-09,canceled,West,West Bengal,Sports,PROD7977,1,2359,10,Debit Card,2359,471.8,2025-02
ORD1771,CUST783,2025-02-10,shipped,South,West Bengal,Electronics,PROD9571,1,2747,5,Credit Card,2747,412.05000000000007,2025-02
ORD1772,CUST643,2025-02-11,canceled,North,Gujarat,Home & Kitchen,PROD6502,1,3179,20,Debit Card,3179,953.7000000000002,2025-02
ORD1773,CUST672,2025-02-12,delivered,South,Tamil Nadu,Books,PROD2857,4,2481,10,Cash on Delivery,9924,1984.8000000000002,2025-02
ORD1774,CUST709,2025-02-13,processing,West,Tamil Nadu,Books,PROD3880,2,2849,20,UPI,5698,1709.4000000000003,2025-02
ORD1775,CUST424,2025-02-14,canceled,South,Tamil Nadu,Electronics,PROD8517,1,513,15,Debit Card,513,128.25,2025-02
ORD1776,CUST873,2025-02-15,delivered,North,Maharashtra,Beauty,PROD8018,1,2813,15,Cash on Delivery,2813,703.25,2025-02
ORD1777,CUST553,2025-02-16,returned,South,Maharashtra,Sports,PROD7113,4,3283,15,Credit Card,13132,3283.0,2025-02
ORD1778,CUST727,2025-02-17,shipped,Central,Karnataka,Home & Kitchen,PROD3898,4,2456,15,UPI,9824,2456.0,2025-02
ORD1779,CUST934,2025-02-18,delivered,West,Uttar Pradesh,Sports,PROD3664,3,1237,0,UPI,3711,371.1,2025-02
ORD1780,CUST836,2025-02-19,canceled,East,Tamil Nadu,Fashion,PROD9892,1,3689,10,Cash on Delivery,3689,737.8000000000001,2025-02
ORD1781,CUST616,2025-02-20,processing,Central,Delhi,Electronics,PROD8141,3,2834,10,Cash on Delivery,8502,1700.4,2025-02
ORD1782,CUST536,2025-02-21,returned,Central,Karnataka,Electronics,PROD7251,4,4183,15,Net Banking,16732,4183.0,2025-02
ORD1783,CUST950,2025-02-22,returned,North,Karnataka,Electronics,PROD5669,4,1978,0,Net Banking,7912,791.2,2025-02
ORD1784,CUST661,2025-02-23,delivered,South,Tamil Nadu,Sports,PROD8167,2,4095,15,Cash on Delivery,8190,2047.5,2025-02
ORD1785,CUST556,2025-02-24,delivered,West,Tamil Nadu,Books,PROD5640,1,1324,0,Debit Card,1324,132.4,2025-02
ORD1786,CUST262,2025-02-25,shipped,North,Uttar Pradesh,Electronics,PROD2625,3,897,15,UPI,2691,672.75,2025-02
ORD1787,CUST861,2025-02-26,returned,North,West Bengal,Sports,PROD2435,4,2379,5,Debit Card,9516,1427.4000000000003,2025-02
ORD1788,CUST982,2025-02-27,returned,South,Maharashtra,Fashion,PROD2700,4,1604,5,Cash on Delivery,6416,962.4000000000001,2025-02
ORD1789,CUST586,2025-02-28,shipped,West,West Bengal,Sports,PROD2468,3,1243,20,Cash on Delivery,3729,1118.7000000000003,2025-02
ORD1790,CUST560,2025-03-01,processing,Central,Karnataka,Fashion,PROD1269,2,2129,15,UPI,4258,1064.5,2025-03
ORD1791,CUST365,2025-03-02,shipped,West,Karnataka,Books,PROD7738,4,1213,10,Cash on Delivery,4852,970.4000000000001,2025-03
ORD1792,CUST869,2025-03-03,canceled,North,Tamil Nadu,Sports,PROD2698,1,426,20,UPI,426,127.80000000000003,2025-03
ORD1793,CUST353,2025-03-04,canceled,North,Karnataka,Home & Kitchen,PROD9133,4,2028,5,Net Banking,8112,1216.8000000000002,2025-03
ORD1794,CUST960,2025-03-05,delivered,East,Delhi,Home & Kitchen,PROD9924,1,2223,15,Net Banking,2223,555.75,2025-03
ORD1795,CUST752,2025-03-06,shipped,South,Uttar Pradesh,Beauty,PROD2633,3,2652,20,Debit Card,7956,2386.8,2025-03
ORD1796,CUST383,2025-03-07,shipped,East,Tamil Nadu,Beauty,PROD8276,1,2285,15,Cash on Delivery,2285,571.25,2025-03
ORD1797,CUST884,2025-03-08,delivered,North,Uttar Pradesh,Books,PROD9247,3,4483,5,Net Banking,13449,2017.3500000000004,2025-03
ORD1798,CUST896,2025-03-09,processing,Central,Karnataka,Sports,PROD1534,1,1280,20,Debit Card,1280,384.00000000000006,2025-03
ORD1799,CUST633,2025-03-10,shipped,North,Maharashtra,Beauty,PROD5749,3,2520,5,Net Banking,7560,1134.0000000000002,2025-03
ORD1800,CUST596,2025-03-11,returned,West,Maharashtra,Fashion,PROD7891,1,3390,0,Net Banking,3390,339.0,2025-03
ORD1801,CUST741,2025-03-12,shipped,West,Delhi,Fashion,PROD4471,2,2830,5,Credit Card,5660,849.0000000000001,2025-03
ORD1802,CUST344,2025-03-13,processing,Central,Delhi,Fashion,PROD4651,1,2763,15,Credit Card,2763,690.75,2025-03
ORD1803,CUST381,2025-03-14,shipped,Central,Gujarat,Electronics,PROD8448,1,3492,10,UPI,3492,698.4000000000001,2025-03
ORD1804,CUST550,2025-03-15,returned,East,Tamil Nadu,Electronics,PROD7243,2,4821,5,Debit Card,9642,1446.3000000000002,2025-03
ORD1805,CUST179,2025-03-16,canceled,Central,Delhi,Fashion,PROD2875,4,3786,10,UPI,15144,3028.8,2025-03
ORD1806,CUST830,2025-03-17,canceled,North,Karnataka,Home & Kitchen,PROD4204,4,4631,0,Debit Card,18524,1852.4,2025-03
ORD1807,CUST392,2025-03-18,processing,South,Tamil Nadu,Sports,PROD8693,1,3147,20,Debit Card,3147,944.1000000000001,2025-03
ORD1808,CUST340,2025-03-19,processing,West,Maharashtra,Beauty,PROD3038,2,4159,20,Debit Card,8318,2495.4000000000005,2025-03
ORD1809,CUST378,2025-03-20,returned,West,West Bengal,Sports,PROD6744,1,3013,10,UPI,3013,602.6,2025-03
ORD1810,CUST443,2025-03-21,canceled,North,Uttar Pradesh,Books,PROD8601,3,2783,20,Cash on Delivery,8349,2504.7000000000003,2025-03
ORD1811,CUST427,2025-03-22,canceled,South,Uttar Pradesh,Home & Kitchen,PROD7765,3,361,5,Credit Card,1083,162.45000000000002,2025-03
ORD1812,CUST653,2025-03-23,canceled,Central,Karnataka,Home & Kitchen,PROD7484,1,793,10,Debit Card,793,158.60000000000002,2025-03
ORD1813,CUST182,2025-03-24,canceled,East,West Bengal,Sports,PROD1124,4,3459,15,UPI,13836,3459.0,2025-03
ORD1814,CUST241,2025-03-25,returned,South,West Bengal,Sports,PROD7138,4,4355,5,Net Banking,17420,2613.0000000000005,2025-03
ORD1815,CUST254,2025-03-26,processing,North,Karnataka,Fashion,PROD4668,1,3162,5,Net Banking,3162,474.30000000000007,2025-03
ORD1816,CUST336,2025-03-27,processing,Central,Delhi,Fashion,PROD9315,1,4088,5,Cash on Delivery,4088,613.2,2025-03
ORD1817,CUST492,2025-03-28,delivered,Central,Karnataka,Beauty,PROD5646,3,3590,15,Credit Card,10770,2692.5,2025-03
ORD1818,CUST810,2025-03-29,processing,Central,Gujarat,Home & Kitchen,PROD5384,4,4701,0,Cash on Delivery,18804,1880.4,2025-03
ORD1819,CUST256,2025-03-30,canceled,South,Uttar Pradesh,Sports,PROD5333,1,863,20,Debit Card,863,258.90000000000003,2025-03
ORD1820,CUST823,2025-03-31,shipped,Central,West Bengal,Home & Kitchen,PROD6036,3,1332,10,Debit Card,3996,799.2,2025-03
ORD1821,CUST319,2025-04-01,canceled,South,Tamil Nadu,Home & Kitchen,PROD7794,4,741,0,UPI,2964,296.40000000000003,2025-04
ORD1822,CUST165,2025-04-02,canceled,North,Gujarat,Home & Kitchen,PROD4957,2,3174,10,Credit Card,6348,1269.6000000000001,2025-04
ORD1823,CUST524,2025-04-03,processing,East,Uttar Pradesh,Electronics,PROD1068,3,1067,20,Net Banking,3201,960.3000000000002,2025-04
ORD1824,CUST517,2025-04-04,delivered,South,West Bengal,Sports,PROD7792,4,2266,15,Credit Card,9064,2266.0,2025-04
ORD1825,CUST438,2025-04-05,returned,North,Delhi,Sports,PROD1535,4,631,5,UPI,2524,378.6000000000001,2025-04
ORD1826,CUST655,2025-04-06,shipped,South,Karnataka,Books,PROD1254,3,4478,5,Cash on Delivery,13434,2015.1000000000004,2025-04
ORD1827,CUST577,2025-04-07,shipped,North,West Bengal,Books,PROD1430,2,1406,15,Credit Card,2812,703.0,2025-04
ORD1828,CUST525,2025-04-08,delivered,East,Maharashtra,Fashion,PROD3512,3,2728,0,UPI,8184,818.4000000000001,2025-04
ORD1829,CUST163,2025-04-09,canceled,West,West Bengal,Electronics,PROD7134,4,1369,0,Cash on Delivery,5476,547.6,2025-04
ORD1830,CUST311,2025-04-10,returned,East,Delhi,Fashion,PROD9502,1,1030,10,Cash on Delivery,1030,206.0,2025-04
ORD1831,CUST952,2025-04-11,returned,West,Maharashtra,Sports,PROD6201,1,1851,15,Cash on Delivery,1851,462.75,2025-04
ORD1832,CUST530,2025-04-12,returned,West,Tamil Nadu,Sports,PROD6490,3,1336,0,Credit Card,4008,400.8,2025-04
ORD1833,CUST498,2025-04-13,processing,Central,West Bengal,Electronics,PROD3792,4,3010,15,Credit Card,12040,3010.0,2025-04
ORD1834,CUST888,2025-04-14,canceled,South,Uttar Pradesh,Beauty,PROD8045,1,675,20,Net Banking,675,202.50000000000003,2025-04
ORD1835,CUST698,2025-04-15,shipped,Central,Maharashtra,Home & Kitchen,PROD4962,4,3010,5,Cash on Delivery,12040,1806.0000000000002,2025-04
ORD1836,CUST812,2025-04-16,shipped,North,Karnataka,Fashion,PROD7412,3,1526,5,Cash on Delivery,4578,686.7,2025-04
ORD1837,CUST120,2025-04-17,canceled,North,Maharashtra,Fashion,PROD4156,1,1219,5,Debit Card,1219,182.85000000000002,2025-04
ORD1838,CUST977,2025-04-18,shipped,North,Delhi,Books,PROD7444,4,2036,15,Debit Card,8144,2036.0,2025-04
ORD1839,CUST883,2025-04-19,processing,Central,Uttar Pradesh,Fashion,PROD1845,1,4456,15,UPI,4456,1114.0,2025-04
ORD1840,CUST689,2025-04-20,returned,East,Gujarat,Electronics,PROD8030,3,2648,10,Debit Card,7944,1588.8000000000002,2025-04
ORD1841,CUST489,2025-04-21,shipped,Central,Tamil Nadu,Home & Kitchen,PROD3111,4,4493,5,Debit Card,17972,2695.8,2025-04
ORD1842,CUST588,2025-04-22,processing,Central,Delhi,Fashion,PROD7396,1,1483,10,Debit Card,1483,296.6,2025-04
ORD1843,CUST106,2025-04-23,returned,East,Karnataka,Books,PROD3846,3,859,5,Net Banking,2577,386.55000000000007,2025-04
ORD1844,CUST460,2025-04-24,canceled,East,Maharashtra,Beauty,PROD7604,1,2210,10,Debit Card,2210,442.0,2025-04
ORD1845,CUST405,2025-04-25,canceled,East,Karnataka,Books,PROD6212,1,598,10,Credit Card,598,119.60000000000001,2025-04
ORD1846,CUST871,2025-04-26,processing,South,Maharashtra,Books,PROD9475,2,1933,20,Cash on Delivery,3866,1159.8000000000002,2025-04
ORD1847,CUST499,2025-04-27,processing,Central,Uttar Pradesh,Beauty,PROD3595,2,2325,10,UPI,4650,930.0,2025-04
ORD1848,CUST973,2025-04-28,processing,South,West Bengal,Sports,PROD8166,3,2371,15,Cash on Delivery,7113,1778.25,2025-04
ORD1849,CUST955,2025-04-29,shipped,West,Tamil Nadu,Books,PROD4784,2,274,10,UPI,548,109.60000000000001,2025-04
ORD1850,CUST529,2025-04-30,canceled,West,Uttar Pradesh,Home & Kitchen,PROD2631,3,4897,5,Credit Card,14691,2203.6500000000005,2025-04
ORD1851,CUST651,2025-05-01,shipped,Central,Uttar Pradesh,Sports,PROD3069,2,3671,10,Debit Card,7342,1468.4,2025-05
ORD1852,CUST865,2025-05-02,shipped,North,Tamil Nadu,Sports,PROD9261,1,1036,0,Credit Card,1036,103.60000000000001,2025-05
ORD1853,CUST852,2025-05-03,returned,East,Gujarat,Home & Kitchen,PROD2939,3,699,5,Debit Card,2097,314.55000000000007,2025-05
ORD1854,CUST659,2025-05-04,processing,South,Gujarat,Sports,PROD7422,3,337,0,Cash on Delivery,1011,101.10000000000001,2025-05
ORD1855,CUST919,2025-05-05,shipped,West,Karnataka,Home & Kitchen,PROD5263,1,2297,5,UPI,2297,344.55000000000007,2025-05
ORD1856,CUST717,2025-05-06,returned,Central,Tamil Nadu,Beauty,PROD3605,3,3896,15,Credit Card,11688,2922.0,2025-05
ORD1857,CUST325,2025-05-07,delivered,North,Maharashtra,Home & Kitchen,PROD6282,3,2085,15,Debit Card,6255,1563.75,2025-05
ORD1858,CUST599,2025-05-08,returned,Central,Maharashtra,Fashion,PROD4338,2,2957,15,Debit Card,5914,1478.5,2025-05
ORD1859,CUST324,2025-05-09,delivered,North,Uttar Pradesh,Electronics,PROD2527,3,4120,0,Debit Card,12360,1236.0,2025-05
ORD1860,CUST379,2025-05-10,delivered,Central,Gujarat,Beauty,PROD2528,4,2100,20,Cash on Delivery,8400,2520.0000000000005,2025-05
ORD1861,CUST546,2025-05-11,delivered,East,Delhi,Electronics,PROD1420,1,2810,5,Cash on Delivery,2810,421.50000000000006,2025-05
ORD1862,CUST597,2025-05-12,delivered,East,West Bengal,Beauty,PROD8166,2,4186,15,Net Banking,8372,2093.0,2025-05
ORD1863,CUST129,2025-05-13,processing,North,West Bengal,Fashion,PROD1189,2,1649,5,Net Banking,3298,494.70000000000005,2025-05
ORD1864,CUST498,2025-05-14,shipped,Central,Maharashtra,Electronics,PROD3507,4,746,0,Credit Card,2984,298.40000000000003,2025-05
ORD1865,CUST444,2025-05-15,shipped,East,Uttar Pradesh,Books,PROD1455,1,4876,20,Cash on Delivery,4876,1462.8000000000002,2025-05
ORD1866,CUST784,2025-05-16,delivered,Central,Delhi,Fashion,PROD9907,1,2203,0,Credit Card,2203,220.3,2025-05
ORD1867,CUST795,2025-05-17,shipped,Central,Tamil Nadu,Books,PROD2290,2,2296,5,UPI,4592,688.8000000000001,2025-05
ORD1868,CUST917,2025-05-18,delivered,East,Delhi,Fashion,PROD7265,3,903,20,Credit Card,2709,812.7000000000002,2025-05
ORD1869,CUST514,2025-05-19,shipped,West,Karnataka,Beauty,PROD1414,2,2603,20,Debit Card,5206,1561.8000000000002,2025-05
ORD1870,CUST841,2025-05-20,returned,West,Uttar Pradesh,Sports,PROD3138,1,1825,0,Net Banking,1825,182.5,2025-05
ORD1871,CUST269,2025-05-21,processing,Central,Uttar Pradesh,Fashion,PROD8433,4,3531,15,Credit Card,14124,3531.0,2025-05
ORD1872,CUST960,2025-05-22,canceled,West,Uttar Pradesh,Fashion,PROD6867,2,4933,5,Net Banking,9866,1479.9000000000003,2025-05
ORD1873,CUST578,2025-05-23,delivered,South,Maharashtra,Beauty,PROD4056,1,3178,10,Credit Card,3178,635.6,2025-05
ORD1874,CUST230,2025-05-24,returned,East,West Bengal,Books,PROD4927,2,4936,10,Net Banking,9872,1974.4,2025-05
ORD1875,CUST737,2025-05-25,returned,West,Karnataka,Home & Kitchen,PROD4633,3,3039,0,Debit Card,9117,911.7,2025-05
ORD1876,CUST646,2025-05-26,processing,West,Delhi,Books,PROD5864,2,3584,5,Credit Card,7168,1075.2000000000003,2025-05
ORD1877,CUST127,2025-05-27,processing,Central,Tamil Nadu,Beauty,PROD4175,2,2859,5,Cash on Delivery,5718,857.7000000000002,2025-05
ORD1878,CUST503,2025-05-28,delivered,North,West Bengal,Fashion,PROD9772,1,2061,0,Cash on Delivery,2061,206.10000000000002,2025-05
ORD1879,CUST706,2025-05-29,delivered,West,Gujarat,Beauty,PROD5018,1,3056,5,Debit Card,3056,458.4000000000001,2025-05
ORD1880,CUST677,2025-05-30,returned,North,Delhi,Fashion,PROD7194,1,885,15,Cash on Delivery,885,221.25,2025-05
ORD1881,CUST778,2025-05-31,returned,East,Karnataka,Electronics,PROD5267,2,4483,0,Net Banking,8966,896.6,2025-05
ORD1882,CUST127,2025-06-01,processing,North,Delhi,Home & Kitchen,PROD1847,3,1819,15,UPI,5457,1364.25,2025-06
ORD1883,CUST185,2025-06-02,delivered,West,Karnataka,Electronics,PROD5505,4,4843,5,Cash on Delivery,19372,2905.8000000000006,2025-06
ORD1884,CUST758,2025-06-03,delivered,South,Maharashtra,Electronics,PROD2359,4,1631,0,Credit Card,6524,652.4000000000001,2025-06
ORD1885,CUST538,2025-06-04,returned,South,Karnataka,Home & Kitchen,PROD3355,1,1075,5,Cash on Delivery,1075,161.25000000000003,2025-06
ORD1886,CUST238,2025-06-05,canceled,East,Karnataka,Electronics,PROD1379,1,4913,0,Net Banking,4913,491.3,2025-06
ORD1887,CUST987,2025-06-06,returned,West,Karnataka,Sports,PROD2694,2,2661,5,Credit Card,5322,798.3000000000001,2025-06
ORD1888,CUST572,2025-06-07,canceled,East,Karnataka,Electronics,PROD2817,4,1565,15,Net Banking,6260,1565.0,2025-06
ORD1889,CUST286,2025-06-08,delivered,Central,Delhi,Fashion,PROD8522,1,1443,15,Debit Card,1443,360.75,2025-06
ORD1890,CUST151,2025-06-09,returned,Central,Gujarat,Home & Kitchen,PROD3010,3,362,5,Cash on Delivery,1086,162.90000000000003,2025-06
ORD1891,CUST366,2025-06-10,processing,North,Uttar Pradesh,Beauty,PROD2754,3,2174,0,Cash on Delivery,6522,652.2,2025-06
ORD1892,CUST488,2025-06-11,shipped,East,Maharashtra,Fashion,PROD3323,1,3491,10,Net Banking,3491,698.2,2025-06
ORD1893,CUST435,2025-06-12,delivered,South,Tamil Nadu,Books,PROD5627,1,469,15,Credit Card,469,117.25,2025-06
ORD1894,CUST316,2025-06-13,delivered,East,West Bengal,Sports,PROD5292,4,831,15,UPI,3324,831.0,2025-06
ORD1895,CUST565,2025-06-14,returned,North,Delhi,Home & Kitchen,PROD3959,4,1105,10,Net Banking,4420,884.0,2025-06
ORD1896,CUST434,2025-06-15,shipped,West,West Bengal,Electronics,PROD2520,2,3671,5,Cash on Delivery,7342,1101.3000000000002,2025-06
ORD1897,CUST445,2025-06-16,shipped,East,Delhi,Electronics,PROD2267,4,3453,0,UPI,13812,1381.2,2025-06
ORD1898,CUST879,2025-06-17,shipped,North,Gujarat,Fashion,PROD9097,3,2214,5,Net Banking,6642,996.3000000000002,2025-06
ORD1899,CUST488,2025-06-18,returned,Central,Delhi,Fashion,PROD6921,3,1841,20,Debit Card,5523,1656.9000000000003,2025-06
ORD1900,CUST384,2025-06-19,returned,South,Karnataka,Home & Kitchen,PROD4407,1,404,15,UPI,404,101.0,2025-06
ORD1901,CUST870,2025-06-20,canceled,West,Tamil Nadu,Fashion,PROD7402,4,781,20,Cash on Delivery,3124,937.2000000000002,2025-06
ORD1902,CUST951,2025-06-21,canceled,East,Gujarat,Fashion,PROD2649,2,1040,15,Net Banking,2080,520.0,2025-06
ORD1903,CUST531,2025-06-22,canceled,East,West Bengal,Home & Kitchen,PROD9045,3,1919,15,Cash on Delivery,5757,1439.25,2025-06
ORD1904,CUST358,2025-06-23,processing,South,Delhi,Books,PROD1359,3,2843,20,UPI,8529,2558.7000000000003,2025-06
ORD1905,CUST954,2025-06-24,delivered,Central,West Bengal,Fashion,PROD7778,2,2497,20,UPI,4994,1498.2000000000003,2025-06
ORD1906,CUST183,2025-06-25,canceled,East,Delhi,Home & Kitchen,PROD2205,2,1074,5,UPI,2148,322.20000000000005,2025-06
ORD1907,CUST581,2025-06-26,processing,South,Tamil Nadu,Sports,PROD8971,3,889,20,Cash on Delivery,2667,800.1000000000001,2025-06
ORD1908,CUST119,2025-06-27,processing,South,Gujarat,Fashion,PROD2250,3,4200,5,Debit Card,12600,1890.0000000000002,2025-06
ORD1909,CUST867,2025-06-28,returned,West,Uttar Pradesh,Fashion,PROD4445,2,3341,5,UPI,6682,1002.3000000000002,2025-06
ORD1910,CUST652,2025-06-29,shipped,South,Uttar Pradesh,Fashion,PROD7879,3,1622,5,UPI,4866,729.9000000000001,2025-06
ORD1911,CUST153,2025-06-30,shipped,South,Maharashtra,Electronics,PROD7148,1,871,15,Cash on Delivery,871,217.75,2025-06
ORD1912,CUST458,2025-07-01,canceled,South,Tamil Nadu,Fashion,PROD6137,1,1371,15,Cash on Delivery,1371,342.75,2025-07
ORD1913,CUST329,2025-07-02,delivered,East,Tamil Nadu,Home & Kitchen,PROD8387,2,3926,20,UPI,7852,2355.6000000000004,2025-07
ORD1914,CUST765,2025-07-03,delivered,South,Karnataka,Electronics,PROD3639,4,1143,15,Net Banking,4572,1143.0,2025-07
ORD1915,CUST170,2025-07-04,delivered,South,Delhi,Electronics,PROD3945,2,1649,20,Credit Card,3298,989.4000000000001,2025-07
ORD1916,CUST899,2025-07-05,processing,South,Gujarat,Books,PROD5894,2,3937,15,Debit Card,7874,1968.5,2025-07
ORD1917,CUST767,2025-07-06,processing,South,Uttar Pradesh,Fashion,PROD1166,4,2739,0,Net Banking,10956,1095.6000000000001,2025-07
ORD1918,CUST141,2025-07-07,processing,Central,Karnataka,Beauty,PROD3927,4,4159,0,Credit Card,16636,1663.6000000000001,2025-07
ORD1919,CUST872,2025-07-08,returned,East,Maharashtra,Books,PROD1515,4,4460,20,UPI,17840,5352.000000000001,2025-07
ORD1920,CUST131,2025-07-09,processing,South,Uttar Pradesh,Electronics,PROD2920,1,2561,15,Cash on Delivery,2561,640.25,2025-07
ORD1921,CUST353,2025-07-10,delivered,North,Gujarat,Home & Kitchen,PROD6616,3,3852,15,Net Banking,11556,2889.0,2025-07
ORD1922,CUST304,2025-07-11,delivered,North,Delhi,Fashion,PROD6681,1,3870,5,Net Banking,3870,580.5000000000001,2025-07
ORD1923,CUST959,2025-07-12,shipped,North,Maharashtra,Home & Kitchen,PROD8928,3,1953,10,Debit Card,5859,1171.8,2025-07
ORD1924,CUST120,2025-07-13,delivered,West,Maharashtra,Beauty,PROD9953,1,2552,20,Debit Card,2552,765.6000000000001,2025-07
ORD1925,CUST736,2025-07-14,processing,Central,Delhi,Fashion,PROD1082,3,2138,10,Credit Card,6414,1282.8000000000002,2025-07
ORD1926,CUST256,2025-07-15,processing,North,West Bengal,Home & Kitchen,PROD3595,1,570,10,Net Banking,570,114.0,2025-07
ORD1927,CUST344,2025-07-16,canceled,Central,Karnataka,Home & Kitchen,PROD9548,4,4679,20,UPI,18716,5614.800000000001,2025-07
ORD1928,CUST229,2025-07-17,returned,North,Delhi,Books,PROD5169,2,2131,15,Credit Card,4262,1065.5,2025-07
ORD1929,CUST584,2025-07-18,delivered,West,Tamil Nadu,Fashion,PROD2992,1,624,20,Net Banking,624,187.20000000000002,2025-07
ORD1930,CUST785,2025-07-19,returned,East,Uttar Pradesh,Sports,PROD4159,3,4924,10,UPI,14772,2954.4,2025-07
ORD1931,CUST217,2025-07-20,delivered,Central,Delhi,Sports,PROD1484,4,1094,15,Cash on Delivery,4376,1094.0,2025-07
ORD1932,CUST677,2025-07-21,shipped,East,West Bengal,Beauty,PROD9781,1,797,0,Debit Card,797,79.7,2025-07
ORD1933,CUST323,2025-07-22,shipped,West,Uttar Pradesh,Books,PROD1377,1,3262,20,Debit Card,3262,978.6000000000001,2025-07
ORD1934,CUST576,2025-07-23,returned,Central,Gujarat,Electronics,PROD9486,4,2536,20,Credit Card,10144,3043.2000000000003,2025-07
ORD1935,CUST816,2025-07-24,processing,East,Tamil Nadu,Electronics,PROD9384,1,4888,15,Debit Card,4888,1222.0,2025-07
ORD1936,CUST362,2025-07-25,canceled,West,Tamil Nadu,Fashion,PROD3496,2,1887,0,Debit Card,3774,377.40000000000003,2025-07
ORD1937,CUST885,2025-07-26,delivered,South,Tamil Nadu,Fashion,PROD4543,1,772,0,UPI,772,77.2,2025-07
ORD1938,CUST477,2025-07-27,delivered,Central,Gujarat,Fashion,PROD6978,2,2290,15,Cash on Delivery,4580,1145.0,2025-07
ORD1939,CUST271,2025-07-28,canceled,East,Delhi,Fashion,PROD2880,2,3869,5,UPI,7738,1160.7000000000003,2025-07
ORD1940,CUST720,2025-07-29,returned,West,Karnataka,Sports,PROD4554,4,4472,20,UPI,17888,5366.400000000001,2025-07
ORD1941,CUST721,2025-07-30,returned,South,Uttar Pradesh,Beauty,PROD1483,1,4824,20,Cash on Delivery,4824,1447.2000000000003,2025-07
ORD1942,CUST865,2025-07-31,delivered,Central,Delhi,Books,PROD6366,4,1833,10,Net Banking,7332,1466.4,2025-07
ORD1943,CUST835,2025-08-01,shipped,South,Maharashtra,Home & Kitchen,PROD3270,1,1717,15,Credit Card,1717,429.25,2025-08
ORD1944,CUST217,2025-08-02,canceled,North,Gujarat,Home & Kitchen,PROD4600,1,4493,10,UPI,4493,898.6,2025-08
ORD1945,CUST896,2025-08-03,delivered,Central,Gujarat,Sports,PROD2367,3,2857,10,Cash on Delivery,8571,1714.2,2025-08
ORD1946,CUST938,2025-08-04,shipped,West,Karnataka,Beauty,PROD3073,1,3848,0,Debit Card,3848,384.8,2025-08
ORD1947,CUST267,2025-08-05,returned,West,Gujarat,Books,PROD5384,4,3788,20,Cash on Delivery,15152,4545.6,2025-08
ORD1948,CUST418,2025-08-06,shipped,Central,Uttar Pradesh,Fashion,PROD5483,2,1737,10,Debit Card,3474,694.8000000000001,2025-08
ORD1949,CUST210,2025-08-07,processing,North,Karnataka,Electronics,PROD8890,1,3337,0,UPI,3337,333.70000000000005,2025-08
ORD1950,CUST692,2025-08-08,delivered,Central,Delhi,Sports,PROD4264,3,297,15,Debit Card,891,222.75,2025-08
ORD1951,CUST126,2025-08-09,canceled,East,Uttar Pradesh,Sports,PROD2506,4,3415,10,Debit Card,13660,2732.0,2025-08
ORD1952,CUST419,2025-08-10,shipped,West,West Bengal,Fashion,PROD6710,1,4730,20,Net Banking,4730,1419.0000000000002,2025-08
ORD1953,CUST689,2025-08-11,returned,South,Delhi,Sports,PROD5822,4,4932,10,Debit Card,19728,3945.6000000000004,2025-08
ORD1954,CUST793,2025-08-12,shipped,West,Tamil Nadu,Home & Kitchen,PROD8652,3,3950,15,Debit Card,11850,2962.5,2025-08
ORD1955,CUST484,2025-08-13,returned,North,Maharashtra,Fashion,PROD9123,3,3357,10,Cash on Delivery,10071,2014.2,2025-08
ORD1956,CUST506,2025-08-14,processing,Central,Gujarat,Home & Kitchen,PROD8144,4,4883,20,Debit Card,19532,5859.600000000001,2025-08
ORD1957,CUST832,2025-08-15,returned,West,Maharashtra,Fashion,PROD9399,1,543,0,UPI,543,54.300000000000004,2025-08
ORD1958,CUST303,2025-08-16,canceled,East,Tamil Nadu,Electronics,PROD7552,2,4866,20,Cash on Delivery,9732,2919.6000000000004,2025-08
ORD1959,CUST177,2025-08-17,processing,North,Karnataka,Books,PROD4163,3,810,0,Net Banking,2430,243.0,2025-08
ORD1960,CUST706,2025-08-18,shipped,North,Karnataka,Home & Kitchen,PROD5097,1,1927,5,Cash on Delivery,1927,289.05000000000007,2025-08
ORD1961,CUST807,2025-08-19,delivered,South,West Bengal,Fashion,PROD3833,1,2490,20,Net Banking,2490,747.0000000000001,2025-08
ORD1962,CUST950,2025-08-20,returned,West,Gujarat,Sports,PROD4242,2,2054,20,UPI,4108,1232.4,2025-08
ORD1963,CUST742,2025-08-21,canceled,Central,West Bengal,Sports,PROD5605,3,2808,15,Debit Card,8424,2106.0,2025-08
ORD1964,CUST348,2025-08-22,delivered,North,Delhi,Beauty,PROD7436,3,2279,10,UPI,6837,1367.4,2025-08
ORD1965,CUST204,2025-08-23,delivered,East,Maharashtra,Fashion,PROD2685,1,2524,0,Net Banking,2524,252.4,2025-08
ORD1966,CUST813,2025-08-24,processing,East,West Bengal,Books,PROD6105,1,4827,0,UPI,4827,482.70000000000005,2025-08
ORD1967,CUST891,2025-08-25,shipped,Central,West Bengal,Electronics,PROD3714,2,1377,15,UPI,2754,688.5,2025-08
ORD1968,CUST408,2025-08-26,delivered,East,Karnataka,Beauty,PROD4372,2,1291,15,Debit Card,2582,645.5,2025-08
ORD1969,CUST970,2025-08-27,canceled,South,Delhi,Books,PROD8992,3,2991,10,UPI,8973,1794.6000000000001,2025-08
ORD1970,CUST800,2025-08-28,returned,Central,Tamil Nadu,Sports,PROD8101,4,1949,10,UPI,7796,1559.2,2025-08
ORD1971,CUST714,2025-08-29,returned,East,Delhi,Electronics,PROD8309,3,2875,20,UPI,8625,2587.5000000000005,2025-08
ORD1972,CUST924,2025-08-30,returned,South,West Bengal,Fashion,PROD7942,1,981,5,UPI,981,147.15000000000003,2025-08
ORD1973,CUST223,2025-08-31,processing,East,West Bengal,Sports,PROD5451,3,3248,10,Net Banking,9744,1948.8000000000002,2025-08
ORD1974,CUST915,2025-09-01,canceled,West,Tamil Nadu,Beauty,PROD6222,4,2305,15,UPI,9220,2305.0,2025-09
ORD1975,CUST679,2025-09-02,delivered,Central,Maharashtra,Books,PROD2762,2,4067,10,Net Banking,8134,1626.8000000000002,2025-09
ORD1976,CUST901,2025-09-03,canceled,East,Maharashtra,Sports,PROD7275,4,4742,0,Cash on Delivery,18968,1896.8000000000002,2025-09
ORD1977,CUST142,2025-09-04,processing,East,Gujarat,Home & Kitchen,PROD8033,4,2313,5,Net Banking,9252,1387.8000000000002,2025-09
ORD1978,CUST455,2025-09-05,processing,South,Karnataka,Beauty,PROD4272,4,4170,20,Net Banking,16680,5004.000000000001,2025-09
ORD1979,CUST645,2025-09-06,shipped,West,Delhi,Sports,PROD6782,2,2191,0,Credit Card,4382,438.20000000000005,2025-09
ORD1980,CUST538,2025-09-07,canceled,West,Maharashtra,Beauty,PROD7126,4,1267,0,Net Banking,5068,506.8,2025-09
ORD1981,CUST777,2025-09-08,returned,South,Uttar Pradesh,Fashion,PROD2052,4,1777,5,Credit Card,7108,1066.2,2025-09
ORD1982,CUST479,2025-09-09,processing,West,West Bengal,Home & Kitchen,PROD8363,4,1211,20,Net Banking,4844,1453.2000000000003,2025-09
ORD1983,CUST170,2025-09-10,processing,East,Karnataka,Books,PROD3740,1,2474,15,UPI,2474,618.5,2025-09
ORD1984,CUST618,2025-09-11,shipped,East,Uttar Pradesh,Home & Kitchen,PROD1553,4,2014,20,Debit Card,8056,2416.8,2025-09
ORD1985,CUST763,2025-09-12,returned,West,Delhi,Sports,PROD9378,2,2626,10,Net Banking,5252,1050.4,2025-09
ORD1986,CUST449,2025-09-13,processing,East,Uttar Pradesh,Books,PROD5146,4,4602,0,UPI,18408,1840.8000000000002,2025-09
ORD1987,CUST112,2025-09-14,delivered,West,Delhi,Beauty,PROD7714,4,2751,10,Credit Card,11004,2200.8,2025-09
ORD1988,CUST969,2025-09-15,returned,South,Gujarat,Books,PROD5808,2,3857,15,Debit Card,7714,1928.5,2025-09
ORD1989,CUST530,2025-09-16,canceled,Central,Karnataka,Beauty,PROD9691,4,207,10,Debit Card,828,165.60000000000002,2025-09
ORD1990,CUST942,2025-09-17,shipped,South,West Bengal,Beauty,PROD6771,2,2755,20,UPI,5510,1653.0000000000002,2025-09
ORD1991,CUST601,2025-09-18,delivered,Central,West Bengal,Home & Kitchen,PROD7525,4,675,10,UPI,2700,540.0,2025-09
ORD1992,CUST208,2025-09-19,delivered,South,Delhi,Sports,PROD1490,2,2411,15,UPI,4822,1205.5,2025-09
ORD1993,CUST543,2025-09-20,canceled,North,West Bengal,Beauty,PROD2878,4,684,15,Credit Card,2736,684.0,2025-09
ORD1994,CUST470,2025-09-21,shipped,East,Gujarat,Books,PROD3947,4,4854,15,UPI,19416,4854.0,2025-09
ORD1995,CUST750,2025-09-22,processing,South,Maharashtra,Sports,PROD6286,1,2485,20,Net Banking,2485,745.5000000000001,2025-09
ORD1996,CUST948,2025-09-23,shipped,Central,Karnataka,Books,PROD8035,1,4763,15,Net Banking,4763,1190.75,2025-09
ORD1997,CUST570,2025-09-24,processing,West,Uttar Pradesh,Electronics,PROD4046,4,3725,0,UPI,14900,1490.0,2025-09
ORD1998,CUST824,2025-09-25,canceled,West,West Bengal,Fashion,PROD6861,4,3539,15,Cash on Delivery,14156,3539.0,2025-09
ORD1999,CUST256,2025-09-26,canceled,South,Uttar Pradesh,Fashion,PROD5019,3,3022,10,Cash on Delivery,9066,1813.2,2025-09
ORD2000,CUST545,2025-09-27,delivered,South,Maharashtra,Fashion,PROD2190,2,3124,10,Debit Card,6248,1249.6000000000001,2025-09
ORD2001,CUST280,2025-09-28,delivered,South,Gujarat,Beauty,PROD4525,3,458,10,Debit Card,1374,274.8,2025-09
ORD2002,CUST851,2025-09-29,delivered,West,Karnataka,Fashion,PROD7089,1,482,20,Cash on Delivery,482,144.60000000000002,2025-09
ORD2003,CUST634,2025-09-30,canceled,North,Tamil Nadu,Beauty,PROD7094,1,2098,10,Cash on Delivery,2098,419.6,2025-09
ORD2004,CUST766,2025-10-01,processing,South,Uttar Pradesh,Fashion,PROD3376,1,4335,20,Net Banking,4335,1300.5000000000002,2025-10
ORD2005,CUST376,2025-10-02,canceled,West,Maharashtra,Home & Kitchen,PROD6151,1,3176,20,UPI,3176,952.8000000000002,2025-10
ORD2006,CUST730,2025-10-03,canceled,West,Tamil Nadu,Beauty,PROD3003,4,2467,15,Credit Card,9868,2467.0,2025-10
ORD2007,CUST927,2025-10-04,delivered,South,Karnataka,Beauty,PROD1157,1,3400,0,Credit Card,3400,340.0,2025-10
ORD2008,CUST651,2025-10-05,shipped,Central,Delhi,Sports,PROD6219,4,812,15,Debit Card,3248,812.0,2025-10
ORD2009,CUST893,2025-10-06,delivered,Central,West Bengal,Fashion,PROD1178,4,887,15,Debit Card,3548,887.0,2025-10
ORD2010,CUST595,2025-10-07,shipped,East,Tamil Nadu,Home & Kitchen,PROD6388,1,3890,20,UPI,3890,1167.0000000000002,2025-10
ORD2011,CUST576,2025-10-08,processing,West,Karnataka,Home & Kitchen,PROD4502,1,812,20,Net Banking,812,243.60000000000002,2025-10
ORD2012,CUST546,2025-10-09,processing,East,Tamil Nadu,Sports,PROD8624,2,2507,10,Cash on Delivery,5014,1002.8000000000001,2025-10
ORD2013,CUST945,2025-10-10,returned,East,Maharashtra,Electronics,PROD6268,3,3213,10,Net Banking,9639,1927.8000000000002,2025-10
ORD2014,CUST848,2025-10-11,returned,Central,Karnataka,Fashion,PROD4811,1,1981,15,Credit Card,1981,495.25,2025-10
ORD2015,CUST706,2025-10-12,returned,Central,Karnataka,Electronics,PROD2085,2,2791,5,Net Banking,5582,837.3000000000001,2025-10
ORD2016,CUST374,2025-10-13,processing,North,Delhi,Home & Kitchen,PROD7317,2,2896,5,Net Banking,5792,868.8000000000002,2025-10
ORD2017,CUST430,2025-10-14,delivered,West,West Bengal,Beauty,PROD5646,3,4158,10,Debit Card,12474,2494.8,2025-10
ORD2018,CUST972,2025-10-15,delivered,North,Karnataka,Sports,PROD4476,4,774,5,UPI,3096,464.4000000000001,2025-10
ORD2019,CUST351,2025-10-16,delivered,South,Maharashtra,Home & Kitchen,PROD9638,1,2110,10,Cash on Delivery,2110,422.0,2025-10
ORD2020,CUST950,2025-10-17,canceled,North,Karnataka,Fashion,PROD4562,3,3804,20,Cash on Delivery,11412,3423.6000000000004,2025-10
ORD2021,CUST188,2025-10-18,returned,South,Karnataka,Sports,PROD2686,1,869,15,Net Banking,869,217.25,2025-10
ORD2022,CUST385,2025-10-19,delivered,East,Uttar Pradesh,Electronics,PROD5555,2,4564,0,Credit Card,9128,912.8000000000001,2025-10
ORD2023,CUST561,2025-10-20,returned,West,West Bengal,Beauty,PROD2225,2,1483,15,Credit Card,2966,741.5,2025-10
ORD2024,CUST349,2025-10-21,returned,North,Maharashtra,Sports,PROD7909,4,1123,10,Credit Card,4492,898.4000000000001,2025-10
ORD2025,CUST868,2025-10-22,canceled,West,Uttar Pradesh,Sports,PROD8130,2,1325,10,UPI,2650,530.0,2025-10
ORD2026,CUST575,2025-10-23,processing,East,Tamil Nadu,Home & Kitchen,PROD6206,2,1729,15,UPI,3458,864.5,2025-10
ORD2027,CUST683,2025-10-24,delivered,East,Gujarat,Beauty,PROD6244,3,1794,10,Cash on Delivery,5382,1076.4,2025-10
ORD2028,CUST724,2025-10-25,canceled,East,West Bengal,Beauty,PROD4246,1,446,5,UPI,446,66.9,2025-10
ORD2029,CUST784,2025-10-26,processing,East,Tamil Nadu,Beauty,PROD4229,1,3911,5,Net Banking,3911,586.6500000000001,2025-10
ORD2030,CUST488,2025-10-27,processing,Central,Gujarat,Beauty,PROD1813,3,1760,10,UPI,5280,1056.0,2025-10
ORD2031,CUST444,2025-10-28,delivered,Central,Maharashtra,Beauty,PROD9092,4,2600,10,Credit Card,10400,2080.0,2025-10
ORD2032,CUST129,2025-10-29,returned,East,Uttar Pradesh,Home & Kitchen,PROD9169,1,2443,5,Net Banking,2443,366.45000000000005,2025-10
ORD2033,CUST606,2025-10-30,shipped,East,Gujarat,Beauty,PROD1766,2,4064,10,Debit Card,8128,1625.6000000000001,2025-10
ORD2034,CUST971,2025-10-31,returned,North,Tamil Nadu,Home & Kitchen,PROD5496,1,2139,10,Credit Card,2139,427.8,2025-10
ORD2035,CUST432,2025-11-01,returned,West,Uttar Pradesh,Home & Kitchen,PROD7901,2,3269,15,UPI,6538,1634.5,2025-11
ORD2036,CUST286,2025-11-02,shipped,North,Karnataka,Beauty,PROD2953,4,426,0,Net Banking,1704,170.4,2025-11
ORD2037,CUST599,2025-11-03,processing,East,Gujarat,Electronics,PROD3033,3,3747,5,Debit Card,11241,1686.1500000000003,2025-11
ORD2038,CUST317,2025-11-04,shipped,Central,Karnataka,Fashion,PROD8418,1,464,15,Debit Card,464,116.0,2025-11
ORD2039,CUST463,2025-11-05,shipped,South,Gujarat,Beauty,PROD3803,3,1595,0,Cash on Delivery,4785,478.5,2025-11
ORD2040,CUST916,2025-11-06,canceled,Central,Gujarat,Fashion,PROD6355,1,3757,10,UPI,3757,751.4000000000001,2025-11
ORD2041,CUST364,2025-11-07,canceled,Central,West Bengal,Home & Kitchen,PROD7272,2,845,10,Cash on Delivery,1690,338.0,2025-11
ORD2042,CUST448,2025-11-08,canceled,Central,Gujarat,Books,PROD4873,3,3190,15,Debit Card,9570,2392.5,2025-11
ORD2043,CUST386,2025-11-09,processing,South,Karnataka,Electronics,PROD1348,1,2099,10,Cash on Delivery,2099,419.8,2025-11
ORD2044,CUST710,2025-11-10,shipped,East,Karnataka,Home & Kitchen,PROD5670,2,2704,20,Credit Card,5408,1622.4000000000003,2025-11
ORD2045,CUST818,2025-11-11,delivered,East,West Bengal,Electronics,PROD1292,3,2972,15,Net Banking,8916,2229.0,2025-11
ORD2046,CUST382,2025-11-12,shipped,East,West Bengal,Home & Kitchen,PROD1076,3,1354,0,Debit Card,4062,406.20000000000005,2025-11
ORD2047,CUST669,2025-11-13,processing,Central,West Bengal,Sports,PROD8565,1,787,15,UPI,787,196.75,2025-11
ORD2048,CUST110,2025-11-14,canceled,West,Karnataka,Sports,PROD5659,1,4771,5,Cash on Delivery,4771,715.6500000000001,2025-11
ORD2049,CUST629,2025-11-15,processing,West,Maharashtra,Sports,PROD3147,1,2021,15,Cash on Delivery,2021,505.25,2025-11
ORD2050,CUST295,2025-11-16,canceled,North,Uttar Pradesh,Books,PROD7599,2,1185,10,UPI,2370,474.0,2025-11
ORD2051,CUST187,2025-11-17,processing,West,Uttar Pradesh,Electronics,PROD1606,1,4279,10,Cash on Delivery,4279,855.8000000000001,2025-11
ORD2052,CUST347,2025-11-18,delivered,Central,Karnataka,Home & Kitchen,PROD9740,3,3548,20,Cash on Delivery,10644,3193.2000000000003,2025-11
ORD2053,CUST837,2025-11-19,canceled,East,Gujarat,Fashion,PROD9642,3,4031,20,UPI,12093,3627.9000000000005,2025-11
ORD2054,CUST516,2025-11-20,canceled,West,Tamil Nadu,Electronics,PROD1640,1,1441,20,Credit Card,1441,432.30000000000007,2025-11
ORD2055,CUST600,2025-11-21,shipped,South,Maharashtra,Electronics,PROD6527,1,389,0,Debit Card,389,38.900000000000006,2025-11
ORD2056,CUST668,2025-11-22,processing,South,Tamil Nadu,Electronics,PROD1266,4,1180,20,Credit Card,4720,1416.0000000000002,2025-11
ORD2057,CUST876,2025-11-23,returned,East,Uttar Pradesh,Home & Kitchen,PROD2137,3,1898,0,UPI,5694,569.4,2025-11
ORD2058,CUST346,2025-11-24,returned,West,Karnataka,Electronics,PROD8698,2,1915,20,UPI,3830,1149.0000000000002,2025-11
ORD2059,CUST807,2025-11-25,shipped,Central,Karnataka,Sports,PROD2558,4,2793,0,Net Banking,11172,1117.2,2025-11
ORD2060,CUST587,2025-11-26,processing,Central,Gujarat,Fashion,PROD7800,1,4336,15,Debit Card,4336,1084.0,2025-11
ORD2061,CUST761,2025-11-27,delivered,West,Delhi,Home & Kitchen,PROD5931,1,4633,15,Debit Card,4633,1158.25,2025-11
ORD2062,CUST828,2025-11-28,shipped,North,Delhi,Fashion,PROD5500,3,1298,10,UPI,3894,778.8000000000001,2025-11
ORD2063,CUST602,2025-11-29,canceled,North,Karnataka,Books,PROD6196,1,2526,0,Net Banking,2526,252.60000000000002,2025-11
ORD2064,CUST558,2025-11-30,delivered,South,Tamil Nadu,Home & Kitchen,PROD6665,2,3447,5,Debit Card,6894,1034.1000000000001,2025-11
ORD2065,CUST911,2025-12-01,processing,East,Maharashtra,Home & Kitchen,PROD7559,3,1095,10,Net Banking,3285,657.0,2025-12
ORD2066,CUST117,2025-12-02,canceled,South,Tamil Nadu,Home & Kitchen,PROD2306,1,1874,15,UPI,1874,468.5,2025-12
ORD2067,CUST195,2025-12-03,returned,East,Tamil Nadu,Books,PROD6131,3,3109,0,UPI,9327,932.7,2025-12
ORD2068,CUST401,2025-12-04,processing,East,Uttar Pradesh,Books,PROD9090,1,1130,20,Debit Card,1130,339.00000000000006,2025-12
ORD2069,CUST326,2025-12-05,canceled,East,Tamil Nadu,Home & Kitchen,PROD1771,1,4584,5,UPI,4584,687.6000000000001,2025-12
ORD2070,CUST514,2025-12-06,processing,East,Gujarat,Fashion,PROD7444,1,923,15,UPI,923,230.75,2025-12
ORD2071,CUST808,2025-12-07,canceled,Central,Tamil Nadu,Books,PROD5889,2,3140,10,Cash on Delivery,6280,1256.0,2025-12
ORD2072,CUST349,2025-12-08,processing,West,Gujarat,Sports,PROD8447,2,1289,0,Credit Card,2578,257.8,2025-12
ORD2073,CUST413,2025-12-09,returned,East,Uttar Pradesh,Fashion,PROD9082,3,4778,5,Debit Card,14334,2150.1000000000004,2025-12
ORD2074,CUST779,2025-12-10,shipped,West,Uttar Pradesh,Books,PROD2989,1,1135,0,Credit Card,1135,113.5,2025-12
ORD2075,CUST695,2025-12-11,canceled,East,West Bengal,Books,PROD7126,1,2495,20,Net Banking,2495,748.5000000000001,2025-12
ORD2076,CUST477,2025-12-12,canceled,Central,Gujarat,Sports,PROD2683,2,355,10,Net Banking,710,142.0,2025-12
ORD2077,CUST584,2025-12-13,returned,Central,Uttar Pradesh,Home & Kitchen,PROD1479,1,1270,0,Net Banking,1270,127.0,2025-12
ORD2078,CUST666,2025-12-14,shipped,West,Gujarat,Electronics,PROD4670,2,2158,15,Net Banking,4316,1079.0,2025-12
ORD2079,CUST643,2025-12-15,processing,West,Uttar Pradesh,Home & Kitchen,PROD1783,1,2701,10,Credit Card,2701,540.2,2025-12
ORD2080,CUST452,2025-12-16,canceled,South,West Bengal,Home & Kitchen,PROD1170,3,4419,15,Cash on Delivery,13257,3314.25,2025-12
ORD2081,CUST535,2025-12-17,shipped,South,Uttar Pradesh,Home & Kitchen,PROD3273,1,4030,0,Credit Card,4030,403.0,2025-12
ORD2082,CUST863,2025-12-18,processing,North,West Bengal,Beauty,PROD2722,1,1054,10,Cash on Delivery,1054,210.8,2025-12
ORD2083,CUST663,2025-12-19,canceled,South,Gujarat,Beauty,PROD6289,4,839,15,UPI,3356,839.0,2025-12
ORD2084,CUST438,2025-12-20,canceled,South,Gujarat,Sports,PROD8138,2,2438,20,Credit Card,4876,1462.8000000000002,2025-12
ORD2085,CUST460,2025-12-21,processing,East,Maharashtra,Books,PROD4708,1,1802,20,Cash on Delivery,1802,540.6000000000001,2025-12
ORD2086,CUST819,2025-12-22,returned,North,Delhi,Electronics,PROD3788,1,641,0,Net Banking,641,64.10000000000001,2025-12
ORD2087,CUST564,2025-12-23,shipped,South,Delhi,Beauty,PROD2442,4,4828,10,Credit Card,19312,3862.4,2025-12
ORD2088,CUST377,2025-12-24,canceled,South,Maharashtra,Books,PROD4131,4,1536,5,Cash on Delivery,6144,921.6000000000001,2025-12
ORD2089,CUST413,2025-12-25,processing,West,Maharashtra,Sports,PROD7043,2,3900,10,UPI,7800,1560.0,2025-12
ORD2090,CUST357,2025-12-26,canceled,North,Gujarat,Fashion,PROD9807,4,1148,20,Cash on Delivery,4592,1377.6000000000001,2025-12
ORD2091,CUST336,2025-12-27,processing,North,Tamil Nadu,Beauty,PROD1080,3,3573,15,Net Banking,10719,2679.75,2025-12
ORD2092,CUST223,2025-12-28,canceled,North,Maharashtra,Fashion,PROD1860,4,659,5,UPI,2636,395.40000000000003,2025-12
ORD2093,CUST838,2025-12-29,delivered,West,Delhi,Fashion,PROD5254,3,4846,0,Cash on Delivery,14538,1453.8000000000002,2025-12
ORD2094,CUST297,2025-12-30,returned,Central,Karnataka,Books,PROD1705,2,592,5,UPI,1184,177.60000000000002,2025-12
ORD2095,CUST423,2025-12-31,shipped,North,Karnataka,Books,PROD2815,2,4138,0,Credit Card,8276,827.6,2025-12
ORD2096,CUST222,2026-01-01,returned,North,West Bengal,Fashion,PROD1786,2,1987,5,Credit Card,3974,596.1000000000001,2026-01
ORD2097,CUST860,2026-01-02,returned,West,Karnataka,Beauty,PROD5985,2,2457,0,Cash on Delivery,4914,491.40000000000003,2026-01
ORD2098,CUST648,2026-01-03,shipped,Central,Tamil Nadu,Fashion,PROD2229,2,1338,0,Credit Card,2676,267.6,2026-01
ORD2099,CUST880,2026-01-04,returned,North,Gujarat,Sports,PROD5320,3,4008,5,Cash on Delivery,12024,1803.6000000000004,2026-01
ORD2100,CUST806,2026-01-05,delivered,North,Delhi,Sports,PROD6395,3,4941,5,Credit Card,14823,2223.4500000000003,2026-01
ORD2101,CUST289,2026-01-06,processing,East,Uttar Pradesh,Sports,PROD7218,2,2654,0,Cash on Delivery,5308,530.8000000000001,2026-01
ORD2102,CUST296,2026-01-07,shipped,Central,Uttar Pradesh,Beauty,PROD5422,4,1666,20,Debit Card,6664,1999.2000000000003,2026-01
ORD2103,CUST321,2026-01-08,processing,South,Gujarat,Books,PROD3790,1,3874,5,Cash on Delivery,3874,581.1000000000001,2026-01
ORD2104,CUST856,2026-01-09,canceled,North,Karnataka,Beauty,PROD3257,2,1577,10,Credit Card,3154,630.8000000000001,2026-01
ORD2105,CUST595,2026-01-10,delivered,West,Tamil Nadu,Home & Kitchen,PROD8548,4,2797,15,Cash on Delivery,11188,2797.0,2026-01
ORD2106,CUST383,2026-01-11,processing,East,West Bengal,Electronics,PROD2964,1,341,0,Net Banking,341,34.1,2026-01
ORD2107,CUST841,2026-01-12,processing,South,Karnataka,Home & Kitchen,PROD3069,2,2859,0,Cash on Delivery,5718,571.8000000000001,2026-01
ORD2108,CUST703,2026-01-13,shipped,South,Maharashtra,Fashion,PROD6231,2,4796,15,Debit Card,9592,2398.0,2026-01
ORD2109,CUST878,2026-01-14,canceled,East,West Bengal,Beauty,PROD3424,3,1039,20,Credit Card,3117,935.1000000000001,2026-01
ORD2110,CUST637,2026-01-15,shipped,West,Gujarat,Books,PROD7771,1,3818,15,Net Banking,3818,954.5,2026-01
ORD2111,CUST711,2026-01-16,canceled,South,Maharashtra,Beauty,PROD8320,1,4117,5,UPI,4117,617.5500000000001,2026-01
ORD2112,CUST389,2026-01-17,shipped,South,Tamil Nadu,Fashion,PROD3004,4,795,15,Net Banking,3180,795.0,2026-01
ORD2113,CUST202,2026-01-18,processing,Central,Tamil Nadu,Beauty,PROD9548,3,2104,0,Net Banking,6312,631.2,2026-01
ORD2114,CUST952,2026-01-19,processing,South,Gujarat,Beauty,PROD9644,3,480,15,Debit Card,1440,360.0,2026-01
ORD2115,CUST298,2026-01-20,delivered,North,West Bengal,Sports,PROD4940,3,623,10,UPI,1869,373.8,2026-01
ORD2116,CUST403,2026-01-21,processing,North,Tamil Nadu,Electronics,PROD8830,3,4565,5,Credit Card,13695,2054.2500000000005,2026-01
ORD2117,CUST332,2026-01-22,returned,East,West Bengal,Home & Kitchen,PROD9029,1,4449,15,Debit Card,4449,1112.25,2026-01
ORD2118,CUST469,2026-01-23,processing,East,Tamil Nadu,Fashion,PROD5596,1,1950,0,Cash on Delivery,1950,195.0,2026-01
ORD2119,CUST283,2026-01-24,returned,West,Karnataka,Sports,PROD6274,2,4957,5,UPI,9914,1487.1000000000001,2026-01
ORD2120,CUST409,2026-01-25,processing,West,Tamil Nadu,Fashion,PROD8908,2,2167,0,Net Banking,4334,433.40000000000003,2026-01
ORD2121,CUST114,2026-01-26,returned,Central,Tamil Nadu,Home & Kitchen,PROD4700,3,4288,20,Cash on Delivery,12864,3859.2000000000007,2026-01
ORD2122,CUST825,2026-01-27,returned,East,Tamil Nadu,Books,PROD2504,3,4378,10,Net Banking,13134,2626.8,2026-01
ORD2123,CUST646,2026-01-28,processing,Central,Maharashtra,Electronics,PROD5322,3,3146,20,Credit Card,9438,2831.4000000000005,2026-01
ORD2124,CUST229,2026-01-29,returned,West,Delhi,Beauty,PROD5853,2,1649,10,Net Banking,3298,659.6,2026-01
ORD2125,CUST380,2026-01-30,delivered,South,West Bengal,Books,PROD2356,4,2531,15,Cash on Delivery,10124,2531.0,2026-01
ORD2126,CUST146,2026-01-31,canceled,Central,Gujarat,Home & Kitchen,PROD6783,4,2420,5,UPI,9680,1452.0000000000002,2026-01
ORD2127,CUST155,2026-02-01,returned,South,Gujarat,Home & Kitchen,PROD4971,2,3989,15,Credit Card,7978,1994.5,2026-02
ORD2128,CUST666,2026-02-02,returned,Central,Maharashtra,Fashion,PROD4373,2,3010,10,Cash on Delivery,6020,1204.0,2026-02
ORD2129,CUST399,2026-02-03,delivered,Central,Maharashtra,Beauty,PROD2278,2,4928,10,Net Banking,9856,1971.2,2026-02
ORD2130,CUST814,2026-02-04,delivered,West,Maharashtra,Beauty,PROD2231,2,1731,10,Credit Card,3462,692.4000000000001,2026-02
ORD2131,CUST229,2026-02-05,shipped,Central,Gujarat,Books,PROD9103,2,3190,0,Credit Card,6380,638.0,2026-02
ORD2132,CUST753,2026-02-06,canceled,West,Delhi,Beauty,PROD1987,2,4693,5,Debit Card,9386,1407.9000000000003,2026-02
ORD2133,CUST989,2026-02-07,shipped,Central,Gujarat,Books,PROD4481,3,1343,15,UPI,4029,1007.25,2026-02
ORD2134,CUST870,2026-02-08,returned,Central,Delhi,Sports,PROD1215,3,1133,15,Net Banking,3399,849.75,2026-02
ORD2135,CUST602,2026-02-09,delivered,East,Maharashtra,Home & Kitchen,PROD4541,3,1660,20,Debit Card,4980,1494.0000000000002,2026-02
ORD2136,CUST205,2026-02-10,returned,East,Tamil Nadu,Home & Kitchen,PROD8670,3,2923,10,UPI,8769,1753.8000000000002,2026-02
ORD2137,CUST993,2026-02-11,processing,West,Maharashtra,Sports,PROD7308,2,2712,10,Debit Card,5424,1084.8,2026-02
ORD2138,CUST112,2026-02-12,canceled,Central,Maharashtra,Electronics,PROD4078,4,485,10,Cash on Delivery,1940,388.0,2026-02
ORD2139,CUST687,2026-02-13,processing,South,Gujarat,Sports,PROD8989,1,464,15,UPI,464,116.0,2026-02
ORD2140,CUST391,2026-02-14,delivered,North,West Bengal,Electronics,PROD2712,2,2567,20,Cash on Delivery,5134,1540.2000000000003,2026-02
ORD2141,CUST580,2026-02-15,delivered,West,Uttar Pradesh,Fashion,PROD6577,1,3647,0,Net Banking,3647,364.70000000000005,2026-02
ORD2142,CUST590,2026-02-16,delivered,East,Uttar Pradesh,Fashion,PROD4418,4,1962,5,Debit Card,7848,1177.2000000000003,2026-02
ORD2143,CUST551,2026-02-17,canceled,East,Maharashtra,Home & Kitchen,PROD9644,3,3248,0,Cash on Delivery,9744,974.4000000000001,2026-02
ORD2144,CUST448,2026-02-18,shipped,West,Delhi,Sports,PROD9420,4,2581,15,UPI,10324,2581.0,2026-02
ORD2145,CUST288,2026-02-19,returned,East,Maharashtra,Books,PROD6134,2,2469,10,Cash on Delivery,4938,987.6,2026-02
ORD2146,CUST152,2026-02-20,returned,South,Karnataka,Sports,PROD6108,3,240,5,Debit Card,720,108.00000000000001,2026-02
ORD2147,CUST358,2026-02-21,returned,East,Maharashtra,Sports,PROD8438,2,267,15,Debit Card,534,133.5,2026-02
ORD2148,CUST982,2026-02-22,returned,North,Maharashtra,Sports,PROD3523,3,1187,15,Debit Card,3561,890.25,2026-02
ORD2149,CUST589,2026-02-23,returned,North,Karnataka,Beauty,PROD9265,1,4208,15,Debit Card,4208,1052.0,2026-02
ORD2150,CUST216,2026-02-24,shipped,Central,West Bengal,Beauty,PROD2731,1,3398,5,UPI,3398,509.7000000000001,2026-02
ORD2151,CUST941,2026-02-25,processing,South,Maharashtra,Fashion,PROD3130,1,4990,5,Debit Card,4990,748.5000000000001,2026-02
ORD2152,CUST166,2026-02-26,canceled,East,Gujarat,Beauty,PROD4584,4,2724,20,Credit Card,10896,3268.8000000000006,2026-02
ORD2153,CUST510,2026-02-27,processing,East,Maharashtra,Electronics,PROD6957,2,1285,20,Credit Card,2570,771.0000000000001,2026-02
ORD2154,CUST603,2026-02-28,processing,West,Gujarat,Sports,PROD7317,4,2679,0,Cash on Delivery,10716,1071.6000000000001,2026-02
ORD2155,CUST175,2026-03-01,returned,Central,Maharashtra,Beauty,PROD8412,1,1893,5,Cash on Delivery,1893,283.95000000000005,2026-03
ORD2156,CUST690,2026-03-02,returned,North,Uttar Pradesh,Fashion,PROD9412,2,2515,5,Credit Card,5030,754.5000000000001,2026-03
ORD2157,CUST744,2026-03-03,shipped,West,Tamil Nadu,Beauty,PROD4326,1,978,5,Debit Card,978,146.70000000000002,2026-03
ORD2158,CUST802,2026-03-04,canceled,West,Uttar Pradesh,Electronics,PROD7556,4,4789,20,Cash on Delivery,19156,5746.800000000001,2026-03
ORD2159,CUST154,2026-03-05,delivered,East,Tamil Nadu,Home & Kitchen,PROD4079,4,1785,15,UPI,7140,1785.0,2026-03
ORD2160,CUST255,2026-03-06,processing,North,Tamil Nadu,Sports,PROD2124,4,1692,10,Credit Card,6768,1353.6000000000001,2026-03
ORD2161,CUST252,2026-03-07,delivered,West,West Bengal,Beauty,PROD5552,1,860,20,UPI,860,258.00000000000006,2026-03
ORD2162,CUST930,2026-03-08,canceled,East,Karnataka,Books,PROD7931,2,1548,5,UPI,3096,464.4000000000001,2026-03
ORD2163,CUST676,2026-03-09,processing,Central,Maharashtra,Home & Kitchen,PROD3690,2,1499,20,Debit Card,2998,899.4000000000001,2026-03
ORD2164,CUST411,2026-03-10,delivered,South,Maharashtra,Electronics,PROD6032,1,4140,0,Debit Card,4140,414.0,2026-03
ORD2165,CUST187,2026-03-11,delivered,North,Tamil Nadu,Fashion,PROD2672,2,2186,5,Debit Card,4372,655.8000000000001,2026-03
ORD2166,CUST354,2026-03-12,shipped,Central,Gujarat,Electronics,PROD3413,1,2244,0,UPI,2244,224.4,2026-03
ORD2167,CUST221,2026-03-13,canceled,East,West Bengal,Books,PROD8552,2,3716,5,Debit Card,7432,1114.8000000000002,2026-03
ORD2168,CUST671,2026-03-14,canceled,South,Karnataka,Sports,PROD2755,3,1258,20,Net Banking,3774,1132.2000000000003,2026-03
ORD2169,CUST882,2026-03-15,canceled,West,Uttar Pradesh,Fashion,PROD2805,3,1176,15,UPI,3528,882.0,2026-03
ORD2170,CUST526,2026-03-16,processing,Central,Karnataka,Electronics,PROD4941,4,4777,10,Debit Card,19108,3821.6000000000004,2026-03
ORD2171,CUST720,2026-03-17,shipped,West,Karnataka,Books,PROD1271,3,927,0,Debit Card,2781,278.1,2026-03
ORD2172,CUST710,2026-03-18,returned,West,Tamil Nadu,Sports,PROD8550,3,2727,20,UPI,8181,2454.3,2026-03
ORD2173,CUST909,2026-03-19,processing,South,Gujarat,Beauty,PROD4064,3,3336,15,Credit Card,10008,2502.0,2026-03
ORD2174,CUST733,2026-03-20,canceled,South,Uttar Pradesh,Electronics,PROD5370,1,542,20,Debit Card,542,162.60000000000002,2026-03
ORD2175,CUST331,2026-03-21,processing,West,Gujarat,Fashion,PROD1468,3,1647,0,Net Banking,4941,494.1,2026-03
ORD2176,CUST894,2026-03-22,delivered,West,West Bengal,Fashion,PROD8802,3,2579,10,Credit Card,7737,1547.4,2026-03
ORD2177,CUST635,2026-03-23,processing,South,Uttar Pradesh,Electronics,PROD9698,4,3859,20,Net Banking,15436,4630.800000000001,2026-03
ORD2178,CUST489,2026-03-24,processing,East,Tamil Nadu,Beauty,PROD8416,3,726,5,Credit Card,2178,326.70000000000005,2026-03
ORD2179,CUST561,2026-03-25,canceled,North,Uttar Pradesh,Home & Kitchen,PROD6766,3,2096,15,Net Banking,6288,1572.0,2026-03
ORD2180,CUST553,2026-03-26,delivered,West,Uttar Pradesh,Fashion,PROD5351,2,4954,20,Debit Card,9908,2972.4000000000005,2026-03
ORD2181,CUST404,2026-03-27,canceled,South,Maharashtra,Fashion,PROD2938,4,2273,15,Net Banking,9092,2273.0,2026-03
ORD2182,CUST980,2026-03-28,delivered,Central,Maharashtra,Home & Kitchen,PROD2377,4,605,5,Credit Card,2420,363.00000000000006,2026-03
ORD2183,CUST702,2026-03-29,delivered,Central,Gujarat,Books,PROD6806,4,1773,10,Net Banking,7092,1418.4,2026-03
ORD2184,CUST539,2026-03-30,delivered,East,Uttar Pradesh,Sports,PROD8069,4,4800,10,Net Banking,19200,3840.0,2026-03
ORD2185,CUST412,2026-03-31,canceled,East,Gujarat,Electronics,PROD4474,4,3940,5,Net Banking,15760,2364.0000000000005,2026-03
ORD2186,CUST682,2026-04-01,delivered,Central,Maharashtra,Beauty,PROD3467,4,4474,15,Debit Card,17896,4474.0,2026-04
ORD2187,CUST735,2026-04-02,shipped,East,Uttar Pradesh,Electronics,PROD7503,1,4427,20,Debit Card,4427,1328.1000000000001,2026-04
ORD2188,CUST161,2026-04-03,shipped,West,Tamil Nadu,Home & Kitchen,PROD9227,3,2046,5,Net Banking,6138,920.7000000000002,2026-04
ORD2189,CUST724,2026-04-04,returned,South,West Bengal,Sports,PROD8059,4,1678,0,Cash on Delivery,6712,671.2,2026-04
ORD2190,CUST857,2026-04-05,shipped,North,Tamil Nadu,Electronics,PROD9321,3,2595,15,Credit Card,7785,1946.25,2026-04
ORD2191,CUST201,2026-04-06,returned,South,Karnataka,Fashion,PROD6467,3,971,10,Credit Card,2913,582.6,2026-04
ORD2192,CUST881,2026-04-07,shipped,South,Tamil Nadu,Home & Kitchen,PROD1870,1,778,5,Debit Card,778,116.70000000000002,2026-04
ORD2193,CUST312,2026-04-08,canceled,East,Gujarat,Beauty,PROD8230,4,3101,10,Cash on Delivery,12404,2480.8,2026-04
ORD2194,CUST740,2026-04-09,returned,North,Uttar Pradesh,Beauty,PROD5466,2,393,15,Cash on Delivery,786,196.5,2026-04
ORD2195,CUST316,2026-04-10,processing,West,Maharashtra,Fashion,PROD7058,1,2207,10,Cash on Delivery,2207,441.40000000000003,2026-04
ORD2196,CUST370,2026-04-11,processing,Central,West Bengal,Electronics,PROD2602,2,1385,5,Credit Card,2770,415.50000000000006,2026-04
ORD2197,CUST776,2026-04-12,shipped,West,Maharashtra,Fashion,PROD1805,3,2594,15,Debit Card,7782,1945.5,2026-04
ORD2198,CUST183,2026-04-13,processing,East,Tamil Nadu,Sports,PROD7267,3,3198,0,Debit Card,9594,959.4000000000001,2026-04
ORD2199,CUST260,2026-04-14,shipped,Central,Uttar Pradesh,Beauty,PROD7923,1,1992,5,Credit Card,1992,298.80000000000007,2026-04
ORD2200,CUST345,2026-04-15,shipped,West,Gujarat,Beauty,PROD4177,1,1310,20,Net Banking,1310,393.00000000000006,2026-04
ORD2201,CUST277,2026-04-16,processing,South,West Bengal,Books,PROD5816,2,4205,5,Cash on Delivery,8410,1261.5000000000002,2026-04
ORD2202,CUST665,2026-04-17,processing,East,Delhi,Electronics,PROD4103,4,2461,15,UPI,9844,2461.0,2026-04
ORD2203,CUST176,2026-04-18,delivered,North,Karnataka,Beauty,PROD7597,2,3936,5,UPI,7872,1180.8000000000002,2026-04
ORD2204,CUST260,2026-04-19,returned,South,West Bengal,Fashion,PROD3894,1,3993,0,Net Banking,3993,399.3,2026-04
ORD2205,CUST102,2026-04-20,shipped,North,Uttar Pradesh,Fashion,PROD5520,2,2136,0,Debit Card,4272,427.20000000000005,2026-04
ORD2206,CUST518,2026-04-21,processing,Central,Tamil Nadu,Fashion,PROD9676,1,4557,20,Debit Card,4557,1367.1000000000001,2026-04
ORD2207,CUST561,2026-04-22,returned,North,Delhi,Home & Kitchen,PROD9087,2,929,10,Credit Card,1858,371.6,2026-04
ORD2208,CUST805,2026-04-23,processing,South,West Bengal,Beauty,PROD9497,1,4578,15,Cash on Delivery,4578,1144.5,2026-04
ORD2209,CUST708,2026-04-24,processing,North,Maharashtra,Books,PROD8103,1,3651,15,UPI,3651,912.75,2026-04
ORD2210,CUST581,2026-04-25,delivered,East,Tamil Nadu,Books,PROD2788,1,4657,10,Net Banking,4657,931.4000000000001,2026-04
ORD2211,CUST398,2026-04-26,shipped,East,Gujarat,Beauty,PROD1817,4,4736,0,UPI,18944,1894.4,2026-04
ORD2212,CUST133,2026-04-27,shipped,South,Karnataka,Fashion,PROD5078,2,2340,0,Cash on Delivery,4680,468.0,2026-04
ORD2213,CUST337,2026-04-28,canceled,West,Delhi,Sports,PROD2819,2,1844,5,Credit Card,3688,553.2,2026-04
ORD2214,CUST395,2026-04-29,delivered,North,Delhi,Sports,PROD4597,2,3000,20,Net Banking,6000,1800.0000000000002,2026-04
ORD2215,CUST823,2026-04-30,returned,South,Tamil Nadu,Home & Kitchen,PROD2887,1,341,20,Credit Card,341,102.30000000000001,2026-04
ORD2216,CUST389,2026-05-01,delivered,North,Uttar Pradesh,Sports,PROD1870,2,1655,20,Credit Card,3310,993.0000000000001,2026-05
ORD2217,CUST819,2026-05-02,returned,South,Tamil Nadu,Fashion,PROD1584,2,4996,5,Net Banking,9992,1498.8000000000002,2026-05
ORD2218,CUST980,2026-05-03,shipped,North,Delhi,Sports,PROD5361,1,2296,20,Net Banking,2296,688.8000000000001,2026-05
ORD2219,CUST564,2026-05-04,canceled,West,Maharashtra,Books,PROD4911,3,1525,10,Net Banking,4575,915.0,2026-05
ORD2220,CUST172,2026-05-05,canceled,South,Gujarat,Books,PROD2078,1,1413,5,Credit Card,1413,211.95000000000005,2026-05
ORD2221,CUST803,2026-05-06,shipped,East,Karnataka,Beauty,PROD9718,2,1359,10,UPI,2718,543.6,2026-05
ORD2222,CUST339,2026-05-07,processing,West,Maharashtra,Home & Kitchen,PROD2655,1,4850,5,UPI,4850,727.5000000000001,2026-05
ORD2223,CUST370,2026-05-08,delivered,East,Delhi,Fashion,PROD5513,3,4699,20,UPI,14097,4229.1,2026-05
ORD2224,CUST906,2026-05-09,canceled,West,Maharashtra,Electronics,PROD4710,1,4897,10,Credit Card,4897,979.4000000000001,2026-05
ORD2225,CUST910,2026-05-10,processing,East,Uttar Pradesh,Fashion,PROD7628,2,540,10,Net Banking,1080,216.0,2026-05
ORD2226,CUST740,2026-05-11,returned,West,Tamil Nadu,Beauty,PROD7421,3,4028,10,UPI,12084,2416.8,2026-05
ORD2227,CUST703,2026-05-12,canceled,North,Delhi,Electronics,PROD7437,4,2168,5,Debit Card,8672,1300.8000000000002,2026-05
ORD2228,CUST777,2026-05-13,returned,East,Gujarat,Beauty,PROD2659,2,903,15,Credit Card,1806,451.5,2026-05
ORD2229,CUST923,2026-05-14,processing,North,Karnataka,Sports,PROD4602,3,4613,20,Net Banking,13839,4151.700000000001,2026-05
ORD2230,CUST302,2026-05-15,returned,South,West Bengal,Fashion,PROD5395,3,2629,10,Net Banking,7887,1577.4,2026-05
ORD2231,CUST535,2026-05-16,processing,North,Karnataka,Sports,PROD9112,4,2000,15,Credit Card,8000,2000.0,2026-05
ORD2232,CUST217,2026-05-17,returned,East,Uttar Pradesh,Home & Kitchen,PROD4370,1,4848,20,UPI,4848,1454.4000000000003,2026-05
ORD2233,CUST657,2026-05-18,delivered,West,West Bengal,Sports,PROD3802,1,1055,20,UPI,1055,316.50000000000006,2026-05
ORD2234,CUST330,2026-05-19,canceled,North,Maharashtra,Beauty,PROD4335,2,2012,10,Credit Card,4024,804.8000000000001,2026-05
ORD2235,CUST763,2026-05-20,canceled,Central,Maharashtra,Beauty,PROD6695,4,3066,10,Debit Card,12264,2452.8,2026-05
ORD2236,CUST252,2026-05-21,processing,West,Karnataka,Beauty,PROD5718,1,3842,5,Debit Card,3842,576.3000000000001,2026-05
ORD2237,CUST372,2026-05-22,returned,South,Delhi,Sports,PROD5718,4,382,15,Debit Card,1528,382.0,2026-05
ORD2238,CUST946,2026-05-23,shipped,South,Maharashtra,Electronics,PROD1050,1,3312,15,Cash on Delivery,3312,828.0,2026-05
ORD2239,CUST245,2026-05-24,canceled,East,Delhi,Books,PROD2544,3,4692,10,Credit Card,14076,2815.2000000000003,2026-05
ORD2240,CUST173,2026-05-25,returned,West,Karnataka,Electronics,PROD4032,1,1717,20,Debit Card,1717,515.1,2026-05
ORD2241,CUST161,2026-05-26,returned,North,Delhi,Home & Kitchen,PROD9245,4,1556,10,Cash on Delivery,6224,1244.8000000000002,2026-05
ORD2242,CUST269,2026-05-27,delivered,North,Uttar Pradesh,Books,PROD8811,3,2374,20,Debit Card,7122,2136.6000000000004,2026-05
ORD2243,CUST911,2026-05-28,shipped,South,West Bengal,Beauty,PROD6002,3,3829,20,Debit Card,11487,3446.1000000000004,2026-05
ORD2244,CUST414,2026-05-29,canceled,West,Karnataka,Home & Kitchen,PROD4909,3,3828,10,Net Banking,11484,2296.8,2026-05
ORD2245,CUST709,2026-05-30,delivered,West,West Bengal,Books,PROD3789,4,4296,0,Credit Card,17184,1718.4,2026-05
ORD2246,CUST866,2026-05-31,shipped,South,Gujarat,Books,PROD6162,2,3439,15,Credit Card,6878,1719.5,2026-05
ORD2247,CUST944,2026-06-01,canceled,North,Delhi,Home & Kitchen,PROD2137,2,3891,20,Cash on Delivery,7782,2334.6000000000004,2026-06
ORD2248,CUST682,2026-06-02,delivered,South,Tamil Nadu,Beauty,PROD3730,2,218,20,Debit Card,436,130.8,2026-06
ORD2249,CUST395,2026-06-03,shipped,West,Uttar Pradesh,Sports,PROD4069,4,3603,0,UPI,14412,1441.2,2026-06
ORD2250,CUST549,2026-06-04,canceled,North,Delhi,Fashion,PROD6442,3,4879,5,UPI,14637,2195.55,2026-06
ORD2251,CUST227,2026-06-05,shipped,Central,Karnataka,Beauty,PROD8458,2,4751,0,Cash on Delivery,9502,950.2,2026-06
ORD2252,CUST579,2026-06-06,returned,South,Gujarat,Fashion,PROD3323,4,3204,0,Net Banking,12816,1281.6000000000001,2026-06
ORD2253,CUST805,2026-06-07,processing,West,Delhi,Fashion,PROD1208,2,1332,20,Debit Card,2664,799.2000000000002,2026-06
ORD2254,CUST411,2026-06-08,processing,West,Tamil Nadu,Sports,PROD8775,1,3539,15,Net Banking,3539,884.75,2026-06
ORD2255,CUST816,2026-06-09,returned,East,Gujarat,Books,PROD8011,2,3511,0,Debit Card,7022,702.2,2026-06
ORD2256,CUST512,2026-06-10,shipped,East,Maharashtra,Beauty,PROD6473,2,3572,5,Debit Card,7144,1071.6000000000001,2026-06
ORD2257,CUST378,2026-06-11,returned,South,Gujarat,Beauty,PROD1341,3,1187,10,Cash on Delivery,3561,712.2,2026-06
ORD2258,CUST612,2026-06-12,processing,North,Gujarat,Beauty,PROD3908,4,3521,0,Debit Card,14084,1408.4,2026-06
ORD2259,CUST652,2026-06-13,processing,Central,Delhi,Books,PROD5322,3,4815,0,Debit Card,14445,1444.5,2026-06
ORD2260,CUST605,2026-06-14,shipped,Central,West Bengal,Fashion,PROD2261,3,373,5,UPI,1119,167.85000000000002,2026-06
ORD2261,CUST548,2026-06-15,processing,North,Karnataka,Books,PROD3797,3,3941,15,Credit Card,11823,2955.75,2026-06
ORD2262,CUST182,2026-06-16,returned,East,Tamil Nadu,Sports,PROD1159,3,3252,0,Debit Card,9756,975.6,2026-06
ORD2263,CUST712,2026-06-17,shipped,West,Maharashtra,Electronics,PROD6769,3,926,0,Credit Card,2778,277.8,2026-06
ORD2264,CUST140,2026-06-18,returned,East,West Bengal,Beauty,PROD8763,2,3960,15,Net Banking,7920,1980.0,2026-06
ORD2265,CUST542,2026-06-19,shipped,South,Delhi,Books,PROD1016,3,2075,5,Debit Card,6225,933.7500000000001,2026-06
ORD2266,CUST852,2026-06-20,processing,East,West Bengal,Electronics,PROD9000,3,4233,0,UPI,12699,1269.9,2026-06
ORD2267,CUST430,2026-06-21,canceled,North,Maharashtra,Fashion,PROD5055,4,1189,15,Net Banking,4756,1189.0,2026-06
ORD2268,CUST718,2026-06-22,shipped,South,Delhi,Fashion,PROD8742,1,3944,0,UPI,3944,394.40000000000003,2026-06
ORD2269,CUST356,2026-06-23,shipped,North,Delhi,Home & Kitchen,PROD2792,2,2886,10,UPI,5772,1154.4,2026-06
ORD2270,CUST126,2026-06-24,canceled,South,Uttar Pradesh,Books,PROD1740,2,619,20,Cash on Delivery,1238,371.40000000000003,2026-06
ORD2271,CUST193,2026-06-25,processing,West,West Bengal,Sports,PROD1284,2,793,10,UPI,1586,317.20000000000005,2026-06
ORD2272,CUST334,2026-06-26,returned,East,West Bengal,Home & Kitchen,PROD5762,3,1974,0,Credit Card,5922,592.2,2026-06
ORD2273,CUST790,2026-06-27,delivered,North,Maharashtra,Books,PROD4740,3,2659,5,Credit Card,7977,1196.5500000000002,2026-06
ORD2274,CUST956,2026-06-28,canceled,South,Maharashtra,Electronics,PROD9606,3,1135,20,UPI,3405,1021.5000000000001,2026-06
ORD2275,CUST981,2026-06-29,delivered,East,Tamil Nadu,Books,PROD9243,4,4008,10,Credit Card,16032,3206.4,2026-06
ORD2276,CUST689,2026-06-30,processing,Central,Delhi,Books,PROD3741,1,531,15,Net Banking,531,132.75,2026-06
ORD2277,CUST701,2026-07-01,shipped,North,Delhi,Books,PROD3401,3,3649,5,Credit Card,10947,1642.0500000000002,2026-07
ORD2278,CUST121,2026-07-02,shipped,West,West Bengal,Fashion,PROD2538,1,2902,10,Debit Card,2902,580.4,2026-07
ORD2279,CUST883,2026-07-03,processing,South,Uttar Pradesh,Beauty,PROD2638,4,4206,15,Net Banking,16824,4206.0,2026-07
ORD2280,CUST788,2026-07-04,returned,North,Maharashtra,Beauty,PROD5990,2,4068,0,Credit Card,8136,813.6,2026-07
ORD2281,CUST941,2026-07-05,returned,North,West Bengal,Sports,PROD6499,3,4400,15,Cash on Delivery,13200,3300.0,2026-07
ORD2282,CUST375,2026-07-06,processing,Central,Tamil Nadu,Electronics,PROD8415,1,401,10,Net Banking,401,80.2,2026-07
ORD2283,CUST690,2026-07-07,processing,West,Maharashtra,Home & Kitchen,PROD9039,1,2697,10,Cash on Delivery,2697,539.4,2026-07
ORD2284,CUST141,2026-07-08,processing,Central,Karnataka,Electronics,PROD6747,3,2042,0,Cash on Delivery,6126,612.6,2026-07
ORD2285,CUST881,2026-07-09,processing,South,Tamil Nadu,Electronics,PROD9940,2,2066,15,Debit Card,4132,1033.0,2026-07
ORD2286,CUST874,2026-07-10,processing,East,Karnataka,Sports,PROD5216,2,2196,15,Debit Card,4392,1098.0,2026-07
ORD2287,CUST279,2026-07-11,processing,North,Tamil Nadu,Home & Kitchen,PROD8970,2,1109,0,Credit Card,2218,221.8,2026-07
ORD2288,CUST581,2026-07-12,shipped,South,Uttar Pradesh,Beauty,PROD5153,4,4505,15,Credit Card,18020,4505.0,2026-07
ORD2289,CUST631,2026-07-13,delivered,South,Gujarat,Beauty,PROD6968,1,4858,0,UPI,4858,485.8,2026-07
ORD2290,CUST767,2026-07-14,returned,West,Delhi,Fashion,PROD8516,1,3389,5,Debit Card,3389,508.3500000000001,2026-07
ORD2291,CUST552,2026-07-15,delivered,North,Maharashtra,Home & Kitchen,PROD1222,1,970,10,Credit Card,970,194.0,2026-07
ORD2292,CUST384,2026-07-16,shipped,Central,Tamil Nadu,Fashion,PROD6777,4,3355,5,Net Banking,13420,2013.0000000000002,2026-07
ORD2293,CUST285,2026-07-17,canceled,East,Gujarat,Sports,PROD5933,1,2701,20,Credit Card,2701,810.3000000000001,2026-07
ORD2294,CUST699,2026-07-18,delivered,North,Delhi,Electronics,PROD6467,4,2914,20,Credit Card,11656,3496.8000000000006,2026-07
ORD2295,CUST546,2026-07-19,canceled,North,West Bengal,Beauty,PROD9484,2,4924,20,Net Banking,9848,2954.4000000000005,2026-07
ORD2296,CUST750,2026-07-20,shipped,East,Delhi,Electronics,PROD8935,3,3785,0,Net Banking,11355,1135.5,2026-07
ORD2297,CUST933,2026-07-21,returned,South,Karnataka,Electronics,PROD2847,1,1828,15,Net Banking,1828,457.0,2026-07
ORD2298,CUST603,2026-07-22,canceled,Central,Gujarat,Books,PROD5422,1,586,5,Cash on Delivery,586,87.90000000000002,2026-07
ORD2299,CUST193,2026-07-23,shipped,North,West Bengal,Books,PROD9508,2,3621,5,Net Banking,7242,1086.3000000000002,2026-07
ORD2300,CUST581,2026-07-24,processing,South,Gujarat,Books,PROD1339,3,4208,5,Debit Card,12624,1893.6000000000004,2026-07
ORD2301,CUST456,2026-07-25,returned,West,Uttar Pradesh,Books,PROD3423,4,4293,5,Cash on Delivery,17172,2575.8,2026-07
ORD2302,CUST518,2026-07-26,processing,South,Uttar Pradesh,Beauty,PROD7722,3,4563,20,Credit Card,13689,4106.700000000001,2026-07
ORD2303,CUST441,2026-07-27,returned,East,Karnataka,Beauty,PROD4608,2,2666,5,UPI,5332,799.8000000000001,2026-07
ORD2304,CUST428,2026-07-28,returned,Central,Gujarat,Home & Kitchen,PROD3320,2,2482,15,Net Banking,4964,1241.0,2026-07
ORD2305,CUST786,2026-07-29,delivered,East,Gujarat,Books,PROD6852,3,2056,20,Net Banking,6168,1850.4000000000003,2026-07
ORD2306,CUST207,2026-07-30,returned,West,Gujarat,Beauty,PROD9156,4,2198,5,UPI,8792,1318.8000000000002,2026-07
ORD2307,CUST978,2026-07-31,delivered,South,West Bengal,Fashion,PROD1506,4,1436,0,Debit Card,5744,574.4,2026-07
ORD2308,CUST264,2026-08-01,canceled,North,Delhi,Beauty,PROD5003,1,4869,10,UPI,4869,973.8000000000001,2026-08
ORD2309,CUST437,2026-08-02,returned,West,Karnataka,Electronics,PROD8056,4,4344,10,Cash on Delivery,17376,3475.2000000000003,2026-08
ORD2310,CUST521,2026-08-03,canceled,East,Delhi,Electronics,PROD6888,3,1350,10,UPI,4050,810.0,2026-08
ORD2311,CUST810,2026-08-04,returned,South,West Bengal,Home & Kitchen,PROD4380,2,4518,20,Cash on Delivery,9036,2710.8,2026-08
ORD2312,CUST607,2026-08-05,delivered,East,Uttar Pradesh,Electronics,PROD2462,1,1631,5,Credit Card,1631,244.65000000000003,2026-08
ORD2313,CUST395,2026-08-06,processing,North,Delhi,Books,PROD4175,1,2019,20,Net Banking,2019,605.7,2026-08
ORD2314,CUST778,2026-08-07,returned,West,Delhi,Fashion,PROD7189,2,2524,15,Net Banking,5048,1262.0,2026-08
ORD2315,CUST510,2026-08-08,shipped,West,Uttar Pradesh,Home & Kitchen,PROD2768,4,1330,0,Cash on Delivery,5320,532.0,2026-08
ORD2316,CUST933,2026-08-09,processing,Central,Karnataka,Books,PROD5487,2,2858,0,Debit Card,5716,571.6,2026-08
ORD2317,CUST878,2026-08-10,delivered,East,Tamil Nadu,Books,PROD9927,4,3700,10,Debit Card,14800,2960.0,2026-08
ORD2318,CUST663,2026-08-11,shipped,Central,Gujarat,Beauty,PROD8360,2,574,10,Debit Card,1148,229.60000000000002,2026-08
ORD2319,CUST137,2026-08-12,canceled,West,Delhi,Beauty,PROD9632,3,2320,10,Cash on Delivery,6960,1392.0,2026-08
ORD2320,CUST565,2026-08-13,delivered,South,Maharashtra,Beauty,PROD3866,4,4220,5,Debit Card,16880,2532.0000000000005,2026-08
ORD2321,CUST190,2026-08-14,processing,Central,Maharashtra,Electronics,PROD5346,3,2221,15,Debit Card,6663,1665.75,2026-08
ORD2322,CUST422,2026-08-15,canceled,South,Karnataka,Electronics,PROD6715,1,3905,15,Debit Card,3905,976.25,2026-08
ORD2323,CUST358,2026-08-16,canceled,Central,Delhi,Sports,PROD6426,2,3459,15,Credit Card,6918,1729.5,2026-08
ORD2324,CUST431,2026-08-17,delivered,East,Delhi,Books,PROD7406,1,3635,15,Credit Card,3635,908.75,2026-08
ORD2325,CUST218,2026-08-18,processing,East,Tamil Nadu,Fashion,PROD7836,1,2089,10,Net Banking,2089,417.8,2026-08
ORD2326,CUST891,2026-08-19,delivered,West,West Bengal,Books,PROD5526,1,2023,0,UPI,2023,202.3,2026-08
ORD2327,CUST513,2026-08-20,shipped,East,Tamil Nadu,Beauty,PROD6067,1,1674,10,Cash on Delivery,1674,334.8,2026-08
ORD2328,CUST985,2026-08-21,shipped,Central,Maharashtra,Fashion,PROD4122,2,2442,15,Credit Card,4884,1221.0,2026-08
ORD2329,CUST626,2026-08-22,returned,Central,Maharashtra,Beauty,PROD1673,1,3443,10,Debit Card,3443,688.6,2026-08
ORD2330,CUST944,2026-08-23,canceled,South,West Bengal,Home & Kitchen,PROD9520,2,3334,15,Debit Card,6668,1667.0,2026-08
ORD2331,CUST101,2026-08-24,returned,North,Maharashtra,Fashion,PROD6624,2,2270,20,UPI,4540,1362.0000000000002,2026-08
ORD2332,CUST773,2026-08-25,processing,Central,Gujarat,Fashion,PROD3014,3,559,0,Debit Card,1677,167.70000000000002,2026-08
ORD2333,CUST990,2026-08-26,shipped,South,Maharashtra,Electronics,PROD8101,4,2241,20,UPI,8964,2689.2000000000003,2026-08
ORD2334,CUST655,2026-08-27,returned,West,Delhi,Sports,PROD8455,4,1341,5,UPI,5364,804.6000000000001,2026-08
ORD2335,CUST573,2026-08-28,shipped,East,West Bengal,Electronics,PROD6685,2,1835,10,Net Banking,3670,734.0,2026-08
ORD2336,CUST523,2026-08-29,shipped,East,Maharashtra,Fashion,PROD5725,3,4200,5,Cash on Delivery,12600,1890.0000000000002,2026-08
ORD2337,CUST155,2026-08-30,shipped,Central,Tamil Nadu,Home & Kitchen,PROD2805,2,2143,10,Cash on Delivery,4286,857.2,2026-08
ORD2338,CUST292,2026-08-31,delivered,East,Delhi,Electronics,PROD1136,2,4974,20,Cash on Delivery,9948,2984.4000000000005,2026-08
ORD2339,CUST630,2026-09-01,returned,West,Uttar Pradesh,Sports,PROD9174,2,3561,15,Cash on Delivery,7122,1780.5,2026-09
ORD2340,CUST470,2026-09-02,canceled,North,West Bengal,Books,PROD3410,3,3180,15,UPI,9540,2385.0,2026-09
ORD2341,CUST737,2026-09-03,returned,Central,Karnataka,Beauty,PROD8640,4,206,10,Debit Card,824,164.8,2026-09
ORD2342,CUST874,2026-09-04,canceled,West,Tamil Nadu,Fashion,PROD3461,3,3467,15,UPI,10401,2600.25,2026-09
ORD2343,CUST610,2026-09-05,returned,South,Karnataka,Electronics,PROD9571,1,1791,20,Net Banking,1791,537.3000000000001,2026-09
ORD2344,CUST740,2026-09-06,returned,North,Uttar Pradesh,Books,PROD5747,3,3464,15,UPI,10392,2598.0,2026-09
ORD2345,CUST552,2026-09-07,shipped,Central,Uttar Pradesh,Electronics,PROD3664,3,2806,20,Debit Card,8418,2525.4000000000005,2026-09
ORD2346,CUST878,2026-09-08,canceled,East,Maharashtra,Books,PROD5974,3,3419,5,Cash on Delivery,10257,1538.5500000000002,2026-09
ORD2347,CUST152,2026-09-09,canceled,Central,Gujarat,Home & Kitchen,PROD8976,3,3473,20,Credit Card,10419,3125.7000000000003,2026-09
ORD2348,CUST308,2026-09-10,canceled,South,Maharashtra,Fashion,PROD5722,4,1113,0,Net Banking,4452,445.20000000000005,2026-09
ORD2349,CUST373,2026-09-11,returned,East,West Bengal,Beauty,PROD2058,1,2211,0,Credit Card,2211,221.10000000000002,2026-09
ORD2350,CUST662,2026-09-12,canceled,North,Gujarat,Home & Kitchen,PROD5828,4,1642,0,Debit Card,6568,656.8000000000001,2026-09
ORD2351,CUST234,2026-09-13,returned,Central,Uttar Pradesh,Fashion,PROD1255,4,3254,10,Debit Card,13016,2603.2000000000003,2026-09
ORD2352,CUST394,2026-09-14,delivered,West,Gujarat,Fashion,PROD8436,3,3746,10,Credit Card,11238,2247.6,2026-09
ORD2353,CUST548,2026-09-15,shipped,South,Delhi,Books,PROD1670,2,4421,10,Debit Card,8842,1768.4,2026-09
ORD2354,CUST815,2026-09-16,processing,Central,Gujarat,Electronics,PROD4560,2,3128,20,Credit Card,6256,1876.8000000000002,2026-09
ORD2355,CUST596,2026-09-17,delivered,West,Delhi,Books,PROD5636,4,2029,10,Debit Card,8116,1623.2,2026-09
ORD2356,CUST224,2026-09-18,canceled,Central,Tamil Nadu,Sports,PROD3022,4,775,5,Debit Card,3100,465.00000000000006,2026-09
ORD2357,CUST129,2026-09-19,shipped,South,Karnataka,Fashion,PROD1871,3,1129,0,Net Banking,3387,338.70000000000005,2026-09
ORD2358,CUST745,2026-09-20,shipped,Central,West Bengal,Beauty,PROD9001,4,3959,20,UPI,15836,4750.800000000001,2026-09
ORD2359,CUST723,2026-09-21,shipped,East,Delhi,Books,PROD6010,3,3899,0,Credit Card,11697,1169.7,2026-09
ORD2360,CUST918,2026-09-22,shipped,East,Delhi,Electronics,PROD1083,2,1663,10,Cash on Delivery,3326,665.2,2026-09
ORD2361,CUST345,2026-09-23,canceled,West,Uttar Pradesh,Books,PROD8050,2,3475,20,Net Banking,6950,2085.0000000000005,2026-09
ORD2362,CUST826,2026-09-24,shipped,East,Karnataka,Sports,PROD6771,1,1254,15,Net Banking,1254,313.5,2026-09
ORD2363,CUST262,2026-09-25,processing,North,Uttar Pradesh,Books,PROD1010,2,2100,5,UPI,4200,630.0000000000001,2026-09
ORD2364,CUST418,2026-09-26,processing,North,Karnataka,Books,PROD1817,4,1657,10,Debit Card,6628,1325.6000000000001,2026-09
ORD2365,CUST664,2026-09-27,shipped,Central,Gujarat,Books,PROD5119,2,1599,10,Cash on Delivery,3198,639.6,2026-09
ORD2366,CUST114,2026-09-28,returned,North,Gujarat,Books,PROD3256,3,3615,5,Net Banking,10845,1626.7500000000002,2026-09
ORD2367,CUST665,2026-09-29,canceled,North,Uttar Pradesh,Electronics,PROD6737,2,642,5,Net Banking,1284,192.60000000000002,2026-09
ORD2368,CUST517,2026-09-30,processing,South,Uttar Pradesh,Beauty,PROD5641,1,3850,15,Debit Card,3850,962.5,2026-09
ORD2369,CUST195,2026-10-01,processing,South,Maharashtra,Books,PROD9224,2,4852,10,Net Banking,9704,1940.8000000000002,2026-10
ORD2370,CUST330,2026-10-02,processing,North,Gujarat,Home & Kitchen,PROD3540,3,1378,10,Cash on Delivery,4134,826.8000000000001,2026-10
ORD2371,CUST961,2026-10-03,delivered,South,Maharashtra,Beauty,PROD2409,3,4658,0,UPI,13974,1397.4,2026-10
ORD2372,CUST216,2026-10-04,delivered,North,Delhi,Electronics,PROD5434,4,1457,20,Cash on Delivery,5828,1748.4000000000003,2026-10
ORD2373,CUST572,2026-10-05,processing,West,Maharashtra,Sports,PROD3337,2,3834,20,Net Banking,7668,2300.4000000000005,2026-10
ORD2374,CUST220,2026-10-06,returned,South,Delhi,Electronics,PROD4223,3,2041,0,Credit Card,6123,612.3000000000001,2026-10
ORD2375,CUST763,2026-10-07,canceled,North,Delhi,Electronics,PROD8078,1,2509,20,UPI,2509,752.7000000000002,2026-10
ORD2376,CUST952,2026-10-08,canceled,North,Karnataka,Beauty,PROD2322,4,1110,5,Cash on Delivery,4440,666.0000000000001,2026-10
ORD2377,CUST257,2026-10-09,processing,Central,Gujarat,Fashion,PROD5764,1,4540,20,UPI,4540,1362.0000000000002,2026-10
ORD2378,CUST610,2026-10-10,processing,West,Delhi,Fashion,PROD4585,2,4837,20,UPI,9674,2902.2000000000003,2026-10
ORD2379,CUST833,2026-10-11,canceled,West,Delhi,Home & Kitchen,PROD1526,2,4209,0,Debit Card,8418,841.8000000000001,2026-10
ORD2380,CUST398,2026-10-12,returned,Central,Delhi,Fashion,PROD8752,2,2369,15,UPI,4738,1184.5,2026-10
ORD2381,CUST621,2026-10-13,delivered,Central,Maharashtra,Fashion,PROD6810,4,2372,20,UPI,9488,2846.4000000000005,2026-10
ORD2382,CUST822,2026-10-14,delivered,Central,Maharashtra,Electronics,PROD5075,3,323,20,Net Banking,969,290.70000000000005,2026-10
ORD2383,CUST379,2026-10-15,processing,East,Tamil Nadu,Electronics,PROD7328,4,3358,15,Cash on Delivery,13432,3358.0,2026-10
ORD2384,CUST525,2026-10-16,canceled,North,Uttar Pradesh,Beauty,PROD7923,1,985,0,Net Banking,985,98.5,2026-10
ORD2385,CUST954,2026-10-17,delivered,East,West Bengal,Electronics,PROD7539,4,2616,15,Credit Card,10464,2616.0,2026-10
ORD2386,CUST594,2026-10-18,returned,South,Gujarat,Electronics,PROD2607,1,996,0,UPI,996,99.60000000000001,2026-10
ORD2387,CUST583,2026-10-19,processing,Central,Gujarat,Home & Kitchen,PROD5280,4,4372,5,Cash on Delivery,17488,2623.2000000000003,2026-10
ORD2388,CUST349,2026-10-20,shipped,North,Karnataka,Fashion,PROD5948,3,4354,0,UPI,13062,1306.2,2026-10
ORD2389,CUST567,2026-10-21,processing,North,West Bengal,Books,PROD6091,1,2136,5,Credit Card,2136,320.40000000000003,2026-10
ORD2390,CUST664,2026-10-22,shipped,South,Tamil Nadu,Books,PROD3839,2,2356,5,UPI,4712,706.8000000000001,2026-10
ORD2391,CUST248,2026-10-23,processing,West,Delhi,Electronics,PROD8140,2,4007,0,Net Banking,8014,801.4000000000001,2026-10
ORD2392,CUST492,2026-10-24,canceled,North,Delhi,Fashion,PROD6283,4,1501,10,Credit Card,6004,1200.8,2026-10
ORD2393,CUST295,2026-10-25,canceled,West,Tamil Nadu,Electronics,PROD3280,2,4363,0,Cash on Delivery,8726,872.6,2026-10
ORD2394,CUST713,2026-10-26,canceled,North,Karnataka,Books,PROD4268,1,3340,20,Debit Card,3340,1002.0000000000001,2026-10
ORD2395,CUST620,2026-10-27,canceled,East,West Bengal,Fashion,PROD5096,2,3436,20,Credit Card,6872,2061.6000000000004,2026-10
ORD2396,CUST864,2026-10-28,returned,Central,Delhi,Books,PROD3223,3,2552,10,Debit Card,7656,1531.2,2026-10
ORD2397,CUST239,2026-10-29,returned,West,Delhi,Fashion,PROD7820,3,2132,5,Net Banking,6396,959.4000000000001,2026-10
ORD2398,CUST984,2026-10-30,shipped,East,Gujarat,Electronics,PROD4268,4,2921,10,Credit Card,11684,2336.8,2026-10
ORD2399,CUST171,2026-10-31,returned,North,Maharashtra,Beauty,PROD5932,1,564,20,Credit Card,564,169.20000000000002,2026-10
ORD2400,CUST382,2026-11-01,processing,Central,Uttar Pradesh,Sports,PROD5997,3,2590,10,Cash on Delivery,7770,1554.0,2026-11
ORD2401,CUST891,2026-11-02,canceled,East,West Bengal,Electronics,PROD2402,3,1146,0,UPI,3438,343.8,2026-11
ORD2402,CUST908,2026-11-03,delivered,Central,Delhi,Home & Kitchen,PROD5871,1,1577,10,Debit Card,1577,315.40000000000003,2026-11
ORD2403,CUST974,2026-11-04,delivered,North,West Bengal,Home & Kitchen,PROD8555,2,1639,5,UPI,3278,491.70000000000005,2026-11
ORD2404,CUST524,2026-11-05,delivered,North,Uttar Pradesh,Sports,PROD9942,2,3380,0,UPI,6760,676.0,2026-11
ORD2405,CUST448,2026-11-06,processing,East,West Bengal,Books,PROD4004,4,540,15,Net Banking,2160,540.0,2026-11
ORD2406,CUST906,2026-11-07,delivered,North,Uttar Pradesh,Fashion,PROD7159,2,3189,20,Net Banking,6378,1913.4000000000003,2026-11
ORD2407,CUST619,2026-11-08,delivered,South,Uttar Pradesh,Sports,PROD8158,1,582,20,Cash on Delivery,582,174.60000000000002,2026-11
ORD2408,CUST373,2026-11-09,shipped,Central,Delhi,Fashion,PROD2573,3,1756,10,Credit Card,5268,1053.6000000000001,2026-11
ORD2409,CUST940,2026-11-10,processing,North,Delhi,Sports,PROD3270,2,499,0,Cash on Delivery,998,99.80000000000001,2026-11
ORD2410,CUST102,2026-11-11,processing,North,Uttar Pradesh,Beauty,PROD9627,4,338,15,Debit Card,1352,338.0,2026-11
ORD2411,CUST389,2026-11-12,delivered,South,Gujarat,Beauty,PROD8240,2,558,0,Net Banking,1116,111.60000000000001,2026-11
ORD2412,CUST843,2026-11-13,processing,Central,Tamil Nadu,Electronics,PROD6132,1,1722,20,Cash on Delivery,1722,516.6,2026-11
ORD2413,CUST405,2026-11-14,shipped,West,Uttar Pradesh,Fashion,PROD9254,4,3656,0,Debit Card,14624,1462.4,2026-11
ORD2414,CUST957,2026-11-15,shipped,South,Maharashtra,Fashion,PROD6858,2,1827,15,Debit Card,3654,913.5,2026-11
ORD2415,CUST701,2026-11-16,canceled,South,Delhi,Electronics,PROD8673,4,1503,10,Debit Card,6012,1202.4,2026-11
ORD2416,CUST693,2026-11-17,shipped,Central,Karnataka,Home & Kitchen,PROD6803,1,1334,5,Credit Card,1334,200.10000000000002,2026-11
ORD2417,CUST775,2026-11-18,canceled,South,Delhi,Home & Kitchen,PROD8006,3,2386,0,Debit Card,7158,715.8000000000001,2026-11
ORD2418,CUST601,2026-11-19,delivered,Central,Uttar Pradesh,Fashion,PROD8643,1,3370,5,UPI,3370,505.50000000000006,2026-11
ORD2419,CUST986,2026-11-20,canceled,South,Delhi,Electronics,PROD7889,1,4035,20,Cash on Delivery,4035,1210.5000000000002,2026-11
ORD2420,CUST252,2026-11-21,canceled,Central,Uttar Pradesh,Beauty,PROD7721,1,2351,10,Cash on Delivery,2351,470.20000000000005,2026-11
ORD2421,CUST557,2026-11-22,delivered,Central,West Bengal,Books,PROD8557,1,1437,10,Debit Card,1437,287.40000000000003,2026-11
ORD2422,CUST651,2026-11-23,canceled,West,Karnataka,Home & Kitchen,PROD1453,3,3935,0,Cash on Delivery,11805,1180.5,2026-11
ORD2423,CUST595,2026-11-24,shipped,North,Gujarat,Electronics,PROD1432,3,3034,10,Cash on Delivery,9102,1820.4,2026-11
ORD2424,CUST453,2026-11-25,delivered,Central,Karnataka,Beauty,PROD7896,4,4460,0,Cash on Delivery,17840,1784.0,2026-11
ORD2425,CUST440,2026-11-26,processing,East,Karnataka,Fashion,PROD2448,2,1198,0,Credit Card,2396,239.60000000000002,2026-11
ORD2426,CUST665,2026-11-27,canceled,West,Maharashtra,Beauty,PROD3303,3,2767,5,Cash on Delivery,8301,1245.15,2026-11
ORD2427,CUST881,2026-11-28,shipped,West,Maharashtra,Fashion,PROD5954,3,1507,10,UPI,4521,904.2,2026-11
ORD2428,CUST656,2026-11-29,processing,North,Uttar Pradesh,Electronics,PROD4975,2,856,0,Cash on Delivery,1712,171.20000000000002,2026-11
ORD2429,CUST486,2026-11-30,delivered,South,Maharashtra,Books,PROD9391,3,2860,5,Debit Card,8580,1287.0000000000002,2026-11
ORD2430,CUST566,2026-12-01,delivered,South,Tamil Nadu,Home & Kitchen,PROD7113,1,2411,15,Cash on Delivery,2411,602.75,2026-12
ORD2431,CUST429,2026-12-02,delivered,Central,Gujarat,Books,PROD3085,1,2109,5,Debit Card,2109,316.35,2026-12
ORD2432,CUST990,2026-12-03,shipped,West,Karnataka,Sports,PROD9900,2,3930,5,UPI,7860,1179.0000000000002,2026-12
ORD2433,CUST293,2026-12-04,processing,Central,Karnataka,Home & Kitchen,PROD5806,4,2246,0,Debit Card,8984,898.4000000000001,2026-12
ORD2434,CUST814,2026-12-05,delivered,East,Gujarat,Electronics,PROD1877,4,3362,20,Credit Card,13448,4034.4000000000005,2026-12
ORD2435,CUST344,2026-12-06,shipped,South,West Bengal,Electronics,PROD7433,2,1340,20,Debit Card,2680,804.0000000000001,2026-12
ORD2436,CUST685,2026-12-07,returned,Central,Uttar Pradesh,Fashion,PROD3063,2,466,20,Cash on Delivery,932,279.6,2026-12
ORD2437,CUST492,2026-12-08,shipped,Central,Maharashtra,Beauty,PROD7601,1,2045,5,Debit Card,2045,306.75000000000006,2026-12
ORD2438,CUST339,2026-12-09,returned,West,Gujarat,Home & Kitchen,PROD1097,4,1908,0,Debit Card,7632,763.2,2026-12
ORD2439,CUST976,2026-12-10,processing,East,West Bengal,Sports,PROD8582,3,3830,10,Cash on Delivery,11490,2298.0,2026-12
ORD2440,CUST894,2026-12-11,delivered,East,Karnataka,Beauty,PROD9487,1,3411,5,Cash on Delivery,3411,511.6500000000001,2026-12
ORD2441,CUST520,2026-12-12,delivered,Central,Delhi,Electronics,PROD8540,2,2493,5,Net Banking,4986,747.9000000000001,2026-12
ORD2442,CUST144,2026-12-13,canceled,East,Maharashtra,Books,PROD1890,4,3932,0,Debit Card,15728,1572.8000000000002,2026-12
ORD2443,CUST425,2026-12-14,delivered,East,Delhi,Sports,PROD2387,3,4029,15,UPI,12087,3021.75,2026-12
ORD2444,CUST862,2026-12-15,processing,West,Karnataka,Sports,PROD1896,3,1710,5,Credit Card,5130,769.5000000000001,2026-12
ORD2445,CUST584,2026-12-16,shipped,West,Karnataka,Fashion,PROD5426,1,675,15,Net Banking,675,168.75,2026-12
ORD2446,CUST822,2026-12-17,processing,East,Delhi,Home & Kitchen,PROD2753,4,1176,15,UPI,4704,1176.0,2026-12
ORD2447,CUST930,2026-12-18,delivered,Central,Karnataka,Electronics,PROD6463,4,1407,20,Net Banking,5628,1688.4000000000003,2026-12
ORD2448,CUST490,2026-12-19,shipped,South,Maharashtra,Sports,PROD2595,2,2160,0,Cash on Delivery,4320,432.0,2026-12
ORD2449,CUST495,2026-12-20,processing,Central,West Bengal,Home & Kitchen,PROD5760,4,757,15,Net Banking,3028,757.0,2026-12
ORD2450,CUST779,2026-12-21,delivered,Central,Tamil Nadu,Books,PROD8888,4,1082,0,Net Banking,4328,432.8,2026-12
ORD2451,CUST911,2026-12-22,delivered,South,Tamil Nadu,Books,PROD6428,1,2394,20,Net Banking,2394,718.2000000000002,2026-12
ORD2452,CUST940,2026-12-23,delivered,West,Tamil Nadu,Beauty,PROD1997,4,4961,0,UPI,19844,1984.4,2026-12
ORD2453,CUST767,2026-12-24,canceled,Central,West Bengal,Books,PROD2989,3,2867,5,Debit Card,8601,1290.15,2026-12
ORD2454,CUST255,2026-12-25,canceled,East,Karnataka,Books,PROD9369,1,4877,15,UPI,4877,1219.25,2026-12
ORD2455,CUST607,2026-12-26,canceled,East,Uttar Pradesh,Fashion,PROD1868,1,4990,0,Credit Card,4990,499.0,2026-12
ORD2456,CUST137,2026-12-27,shipped,West,Maharashtra,Home & Kitchen,PROD4359,2,1810,10,Credit Card,3620,724.0,2026-12
ORD2457,CUST229,2026-12-28,processing,West,West Bengal,Fashion,PROD9458,4,3688,0,UPI,14752,1475.2,2026-12
ORD2458,CUST614,2026-12-29,shipped,West,Maharashtra,Books,PROD3361,2,2654,15,Cash on Delivery,5308,1327.0,2026-12
ORD2459,CUST704,2026-12-30,shipped,North,Gujarat,Books,PROD9115,3,4694,20,UPI,14082,4224.6,2026-12
ORD2460,CUST439,2026-12-31,delivered,North,Karnataka,Home & Kitchen,PROD3234,1,2146,20,Debit Card,2146,643.8000000000001,2026-12
ORD2461,CUST990,2027-01-01,returned,East,Maharashtra,Books,PROD4662,1,4999,15,Cash on Delivery,4999,1249.75,2027-01
ORD2462,CUST202,2027-01-02,returned,Central,Karnataka,Beauty,PROD3535,1,3008,5,Cash on Delivery,3008,451.20000000000005,2027-01
ORD2463,CUST995,2027-01-03,delivered,North,Tamil Nadu,Electronics,PROD5929,3,4025,5,Credit Card,12075,1811.2500000000002,2027-01
ORD2464,CUST965,2027-01-04,returned,Central,Maharashtra,Home & Kitchen,PROD6093,3,3736,20,Credit Card,11208,3362.4000000000005,2027-01
ORD2465,CUST550,2027-01-05,shipped,South,Uttar Pradesh,Electronics,PROD1105,2,4002,20,Net Banking,8004,2401.2000000000003,2027-01
ORD2466,CUST202,2027-01-06,processing,East,Karnataka,Sports,PROD8945,2,4377,15,Debit Card,8754,2188.5,2027-01
ORD2467,CUST638,2027-01-07,canceled,North,Maharashtra,Sports,PROD4288,2,4899,5,Debit Card,9798,1469.7000000000003,2027-01
ORD2468,CUST567,2027-01-08,shipped,East,Delhi,Beauty,PROD2879,4,2170,20,Net Banking,8680,2604.0000000000005,2027-01
ORD2469,CUST115,2027-01-09,shipped,South,West Bengal,Beauty,PROD2100,1,4022,5,Debit Card,4022,603.3000000000001,2027-01
ORD2470,CUST839,2027-01-10,processing,South,Gujarat,Sports,PROD1000,1,3019,20,Debit Card,3019,905.7000000000002,2027-01
ORD2471,CUST247,2027-01-11,returned,East,Delhi,Books,PROD3507,2,1102,0,Net Banking,2204,220.4,2027-01
ORD2472,CUST519,2027-01-12,processing,North,Uttar Pradesh,Books,PROD2983,1,564,10,Debit Card,564,112.80000000000001,2027-01
ORD2473,CUST991,2027-01-13,shipped,East,Uttar Pradesh,Fashion,PROD9516,2,4458,0,Net Banking,8916,891.6,2027-01
ORD2474,CUST770,2027-01-14,delivered,Central,Delhi,Sports,PROD2587,4,3319,20,Net Banking,13276,3982.8000000000006,2027-01
ORD2475,CUST258,2027-01-15,delivered,Central,Karnataka,Sports,PROD5050,4,2758,10,Cash on Delivery,11032,2206.4,2027-01
ORD2476,CUST176,2027-01-16,shipped,Central,Maharashtra,Books,PROD4347,3,2063,10,Debit Card,6189,1237.8000000000002,2027-01
ORD2477,CUST580,2027-01-17,delivered,Central,West Bengal,Electronics,PROD2697,4,315,20,Debit Card,1260,378.00000000000006,2027-01
ORD2478,CUST900,2027-01-18,returned,Central,Delhi,Fashion,PROD8761,2,2584,20,UPI,5168,1550.4000000000003,2027-01
ORD2479,CUST371,2027-01-19,processing,South,Uttar Pradesh,Electronics,PROD1403,4,4135,5,Credit Card,16540,2481.0000000000005,2027-01
ORD2480,CUST446,2027-01-20,canceled,North,Maharashtra,Sports,PROD9287,3,2690,20,Debit Card,8070,2421.0000000000005,2027-01
ORD2481,CUST738,2027-01-21,processing,North,Karnataka,Electronics,PROD8271,1,1142,15,UPI,1142,285.5,2027-01
ORD2482,CUST809,2027-01-22,canceled,West,Delhi,Home & Kitchen,PROD7401,2,1924,20,Debit Card,3848,1154.4,2027-01
ORD2483,CUST507,2027-01-23,shipped,East,Uttar Pradesh,Fashion,PROD1911,1,2534,15,Net Banking,2534,633.5,2027-01
ORD2484,CUST765,2027-01-24,shipped,South,Delhi,Books,PROD2995,3,2967,20,Credit Card,8901,2670.3,2027-01
ORD2485,CUST182,2027-01-25,canceled,South,Karnataka,Beauty,PROD5913,3,1337,5,Cash on Delivery,4011,601.6500000000001,2027-01
ORD2486,CUST972,2027-01-26,delivered,East,Uttar Pradesh,Fashion,PROD7628,3,2727,15,Debit Card,8181,2045.25,2027-01
ORD2487,CUST436,2027-01-27,shipped,East,Maharashtra,Sports,PROD8925,1,4317,0,Debit Card,4317,431.70000000000005,2027-01
ORD2488,CUST972,2027-01-28,returned,Central,Gujarat,Electronics,PROD4015,1,3620,15,Net Banking,3620,905.0,2027-01
ORD2489,CUST790,2027-01-29,returned,South,Delhi,Electronics,PROD4849,1,4978,5,Debit Card,4978,746.7000000000002,2027-01
ORD2490,CUST979,2027-01-30,returned,South,Maharashtra,Fashion,PROD9957,1,4106,15,UPI,4106,1026.5,2027-01
ORD2491,CUST646,2027-01-31,returned,East,West Bengal,Home & Kitchen,PROD5264,3,3837,20,UPI,11511,3453.3000000000006,2027-01
ORD2492,CUST489,2027-02-01,canceled,East,West Bengal,Beauty,PROD8194,3,3153,20,Credit Card,9459,2837.7000000000003,2027-02
ORD2493,CUST424,2027-02-02,delivered,North,Tamil Nadu,Home & Kitchen,PROD3018,2,2567,5,Credit Card,5134,770.1000000000001,2027-02
ORD2494,CUST741,2027-02-03,canceled,Central,Karnataka,Fashion,PROD8083,2,4421,10,Cash on Delivery,8842,1768.4,2027-02
ORD2495,CUST835,2027-02-04,shipped,West,Delhi,Fashion,PROD3396,1,476,20,UPI,476,142.8,2027-02
ORD2496,CUST877,2027-02-05,returned,Central,Uttar Pradesh,Beauty,PROD1354,4,2199,0,Cash on Delivery,8796,879.6,2027-02
ORD2497,CUST599,2027-02-06,returned,South,Gujarat,Fashion,PROD4027,4,1427,5,Credit Card,5708,856.2000000000002,2027-02
ORD2498,CUST993,2027-02-07,returned,North,Gujarat,Books,PROD3321,3,3952,15,Cash on Delivery,11856,2964.0,2027-02
ORD2499,CUST654,2027-02-08,shipped,East,West Bengal,Electronics,PROD4943,3,3935,15,Net Banking,11805,2951.25,2027-02
ORD2500,CUST136,2027-02-09,processing,West,Karnataka,Fashion,PROD3797,3,895,0,Debit Card,2685,268.5,2027-02
ORD2501,CUST732,2027-02-10,canceled,South,Tamil Nadu,Books,PROD9380,2,1509,20,Net Banking,3018,905.4000000000001,2027-02
ORD2502,CUST170,2027-02-11,delivered,West,Uttar Pradesh,Sports,PROD9956,2,4352,5,UPI,8704,1305.6000000000001,2027-02
ORD2503,CUST340,2027-02-12,shipped,Central,Karnataka,Beauty,PROD4282,3,3434,0,Credit Card,10302,1030.2,2027-02
ORD2504,CUST746,2027-02-13,processing,North,Karnataka,Books,PROD8801,3,4314,20,Cash on Delivery,12942,3882.6000000000004,2027-02
ORD2505,CUST800,2027-02-14,processing,Central,Delhi,Home & Kitchen,PROD8871,3,2511,5,Cash on Delivery,7533,1129.9500000000003,2027-02
ORD2506,CUST394,2027-02-15,delivered,East,Tamil Nadu,Fashion,PROD5751,4,3041,15,Net Banking,12164,3041.0,2027-02
ORD2507,CUST332,2027-02-16,shipped,North,Delhi,Home & Kitchen,PROD5742,2,4408,5,Debit Card,8816,1322.4,2027-02
ORD2508,CUST864,2027-02-17,processing,Central,West Bengal,Home & Kitchen,PROD2638,4,3759,10,Credit Card,15036,3007.2000000000003,2027-02
ORD2509,CUST192,2027-02-18,returned,West,Gujarat,Books,PROD9076,4,3598,5,UPI,14392,2158.8,2027-02
ORD2510,CUST544,2027-02-19,delivered,North,Gujarat,Electronics,PROD7018,3,741,10,UPI,2223,444.6,2027-02
ORD2511,CUST200,2027-02-20,returned,North,Maharashtra,Sports,PROD5508,3,2894,5,Credit Card,8682,1302.3000000000002,2027-02
ORD2512,CUST878,2027-02-21,delivered,East,Gujarat,Beauty,PROD7409,1,4874,10,Net Banking,4874,974.8000000000001,2027-02
ORD2513,CUST748,2027-02-22,canceled,East,Gujarat,Books,PROD7321,1,1288,15,UPI,1288,322.0,2027-02
ORD2514,CUST820,2027-02-23,canceled,West,Uttar Pradesh,Home & Kitchen,PROD2758,4,3563,20,Credit Card,14252,4275.6,2027-02
ORD2515,CUST993,2027-02-24,shipped,West,Tamil Nadu,Electronics,PROD8601,2,224,10,Net Banking,448,89.60000000000001,2027-02
ORD2516,CUST202,2027-02-25,processing,North,Karnataka,Fashion,PROD7830,3,1772,10,Net Banking,5316,1063.2,2027-02
ORD2517,CUST554,2027-02-26,returned,South,Karnataka,Books,PROD7960,3,3158,15,Cash on Delivery,9474,2368.5,2027-02
ORD2518,CUST270,2027-02-27,processing,Central,Maharashtra,Home & Kitchen,PROD3427,4,4436,10,Debit Card,17744,3548.8,2027-02
ORD2519,CUST810,2027-02-28,canceled,North,Karnataka,Home & Kitchen,PROD1458,1,1967,0,Net Banking,1967,196.70000000000002,2027-02
ORD2520,CUST406,2027-03-01,returned,West,Uttar Pradesh,Fashion,PROD5643,2,4943,15,UPI,9886,2471.5,2027-03
ORD2521,CUST129,2027-03-02,shipped,North,Delhi,Fashion,PROD8488,1,2435,0,Debit Card,2435,243.5,2027-03
ORD2522,CUST147,2027-03-03,processing,East,Gujarat,Sports,PROD2968,1,400,15,Cash on Delivery,400,100.0,2027-03
ORD2523,CUST432,2027-03-04,delivered,Central,Tamil Nadu,Electronics,PROD7380,1,3398,10,Credit Card,3398,679.6,2027-03
ORD2524,CUST915,2027-03-05,delivered,North,Uttar Pradesh,Books,PROD1180,1,456,0,Credit Card,456,45.6,2027-03
ORD2525,CUST157,2027-03-06,returned,East,West Bengal,Fashion,PROD5960,3,3947,10,Cash on Delivery,11841,2368.2000000000003,2027-03
ORD2526,CUST400,2027-03-07,delivered,Central,Maharashtra,Books,PROD1558,3,4842,15,Cash on Delivery,14526,3631.5,2027-03
ORD2527,CUST467,2027-03-08,delivered,Central,West Bengal,Books,PROD8282,1,2441,10,UPI,2441,488.20000000000005,2027-03
ORD2528,CUST483,2027-03-09,canceled,South,Gujarat,Books,PROD1698,2,3375,0,Debit Card,6750,675.0,2027-03
ORD2529,CUST541,2027-03-10,shipped,East,Uttar Pradesh,Fashion,PROD6811,4,3806,0,Net Banking,15224,1522.4,2027-03
ORD2530,CUST249,2027-03-11,delivered,Central,Maharashtra,Sports,PROD3282,2,3536,10,Net Banking,7072,1414.4,2027-03
ORD2531,CUST350,2027-03-12,delivered,South,Uttar Pradesh,Beauty,PROD8666,2,613,5,Net Banking,1226,183.90000000000003,2027-03
ORD2532,CUST643,2027-03-13,processing,South,Karnataka,Sports,PROD8509,2,2214,15,Credit Card,4428,1107.0,2027-03
ORD2533,CUST521,2027-03-14,returned,North,Karnataka,Home & Kitchen,PROD5536,1,1581,15,Credit Card,1581,395.25,2027-03
ORD2534,CUST679,2027-03-15,canceled,West,Maharashtra,Fashion,PROD1149,3,1298,10,UPI,3894,778.8000000000001,2027-03
ORD2535,CUST798,2027-03-16,returned,West,Uttar Pradesh,Beauty,PROD3593,2,3626,5,UPI,7252,1087.8000000000002,2027-03
ORD2536,CUST911,2027-03-17,processing,Central,Gujarat,Books,PROD6861,1,3855,0,UPI,3855,385.5,2027-03
ORD2537,CUST284,2027-03-18,processing,Central,Uttar Pradesh,Electronics,PROD9202,2,1109,20,Cash on Delivery,2218,665.4000000000001,2027-03
ORD2538,CUST274,2027-03-19,processing,Central,Delhi,Electronics,PROD9244,2,387,20,UPI,774,232.20000000000005,2027-03
ORD2539,CUST279,2027-03-20,delivered,North,Delhi,Beauty,PROD4453,1,4244,10,Net Banking,4244,848.8000000000001,2027-03
ORD2540,CUST180,2027-03-21,returned,South,Tamil Nadu,Electronics,PROD6715,3,3956,5,UPI,11868,1780.2000000000003,2027-03
ORD2541,CUST724,2027-03-22,returned,West,Karnataka,Fashion,PROD9602,3,2215,5,UPI,6645,996.7500000000001,2027-03
ORD2542,CUST991,2027-03-23,returned,East,Gujarat,Electronics,PROD7399,4,2292,15,Credit Card,9168,2292.0,2027-03
ORD2543,CUST491,2027-03-24,shipped,West,Maharashtra,Books,PROD9405,1,3844,0,Credit Card,3844,384.40000000000003,2027-03
ORD2544,CUST734,2027-03-25,canceled,South,West Bengal,Fashion,PROD2028,4,2330,5,Credit Card,9320,1398.0000000000002,2027-03
ORD2545,CUST799,2027-03-26,delivered,South,Gujarat,Fashion,PROD3858,4,557,20,Net Banking,2228,668.4000000000001,2027-03
ORD2546,CUST346,2027-03-27,canceled,East,Karnataka,Fashion,PROD3480,4,2622,0,Debit Card,10488,1048.8,2027-03
ORD2547,CUST609,2027-03-28,delivered,North,Uttar Pradesh,Electronics,PROD6764,3,4457,0,Cash on Delivery,13371,1337.1000000000001,2027-03
ORD2548,CUST697,2027-03-29,returned,West,Gujarat,Fashion,PROD6558,1,4745,10,Net Banking,4745,949.0,2027-03
ORD2549,CUST246,2027-03-30,shipped,Central,Karnataka,Sports,PROD8528,4,1697,5,Debit Card,6788,1018.2000000000002,2027-03
ORD2550,CUST337,2027-03-31,shipped,North,Delhi,Sports,PROD3294,1,2358,10,Cash on Delivery,2358,471.6,2027-03
ORD2551,CUST572,2027-04-01,returned,Central,West Bengal,Fashion,PROD5560,1,2755,5,Net Banking,2755,413.25000000000006,2027-04
ORD2552,CUST753,2027-04-02,canceled,West,Uttar Pradesh,Fashion,PROD5963,3,2542,15,UPI,7626,1906.5,2027-04
ORD2553,CUST360,2027-04-03,processing,East,Karnataka,Sports,PROD7454,4,3151,10,Credit Card,12604,2520.8,2027-04
ORD2554,CUST570,2027-04-04,returned,North,Tamil Nadu,Electronics,PROD2117,4,1438,10,Net Banking,5752,1150.4,2027-04
ORD2555,CUST361,2027-04-05,delivered,West,Delhi,Beauty,PROD8925,1,1173,20,Cash on Delivery,1173,351.90000000000003,2027-04
ORD2556,CUST782,2027-04-06,canceled,Central,Delhi,Books,PROD7168,2,4927,10,Cash on Delivery,9854,1970.8000000000002,2027-04
ORD2557,CUST109,2027-04-07,processing,West,Karnataka,Beauty,PROD8729,3,4165,5,Cash on Delivery,12495,1874.2500000000002,2027-04
ORD2558,CUST923,2027-04-08,shipped,South,Uttar Pradesh,Home & Kitchen,PROD3955,3,1250,20,Net Banking,3750,1125.0000000000002,2027-04
ORD2559,CUST576,2027-04-09,delivered,South,Uttar Pradesh,Fashion,PROD9306,3,3901,10,Cash on Delivery,11703,2340.6,2027-04
ORD2560,CUST394,2027-04-10,shipped,West,Delhi,Books,PROD9608,3,2980,10,Cash on Delivery,8940,1788.0,2027-04
ORD2561,CUST793,2027-04-11,delivered,Central,West Bengal,Fashion,PROD5247,4,1788,15,Net Banking,7152,1788.0,2027-04
ORD2562,CUST659,2027-04-12,processing,South,Gujarat,Fashion,PROD3120,4,4078,10,Credit Card,16312,3262.4,2027-04
ORD2563,CUST261,2027-04-13,delivered,West,Uttar Pradesh,Beauty,PROD6309,2,2568,0,Cash on Delivery,5136,513.6,2027-04
ORD2564,CUST175,2027-04-14,processing,West,Tamil Nadu,Fashion,PROD6703,3,636,20,Credit Card,1908,572.4000000000001,2027-04
ORD2565,CUST552,2027-04-15,returned,Central,Maharashtra,Sports,PROD7615,3,3028,0,Cash on Delivery,9084,908.4000000000001,2027-04
ORD2566,CUST453,2027-04-16,returned,South,West Bengal,Fashion,PROD2107,1,1756,20,Credit Card,1756,526.8000000000001,2027-04
ORD2567,CUST701,2027-04-17,delivered,Central,West Bengal,Home & Kitchen,PROD1736,4,4058,15,Cash on Delivery,16232,4058.0,2027-04
ORD2568,CUST406,2027-04-18,canceled,Central,Uttar Pradesh,Home & Kitchen,PROD1483,3,1504,10,Credit Card,4512,902.4000000000001,2027-04
ORD2569,CUST754,2027-04-19,shipped,Central,Gujarat,Sports,PROD3607,2,2584,10,Credit Card,5168,1033.6000000000001,2027-04
ORD2570,CUST534,2027-04-20,delivered,South,Tamil Nadu,Beauty,PROD4796,2,382,10,Debit Card,764,152.8,2027-04
ORD2571,CUST806,2027-04-21,delivered,South,Uttar Pradesh,Books,PROD2581,4,1789,20,UPI,7156,2146.8,2027-04
ORD2572,CUST356,2027-04-22,shipped,North,Delhi,Fashion,PROD2740,2,1787,10,Cash on Delivery,3574,714.8000000000001,2027-04
ORD2573,CUST567,2027-04-23,delivered,East,Tamil Nadu,Home & Kitchen,PROD9182,2,859,0,Cash on Delivery,1718,171.8,2027-04
ORD2574,CUST965,2027-04-24,shipped,West,West Bengal,Beauty,PROD8805,4,359,10,Net Banking,1436,287.2,2027-04
ORD2575,CUST409,2027-04-25,processing,East,Gujarat,Electronics,PROD6302,3,4153,15,Net Banking,12459,3114.75,2027-04
ORD2576,CUST303,2027-04-26,canceled,Central,West Bengal,Home & Kitchen,PROD4793,3,1211,0,Credit Card,3633,363.3,2027-04
ORD2577,CUST493,2027-04-27,returned,North,Delhi,Beauty,PROD4876,2,252,10,UPI,504,100.80000000000001,2027-04
ORD2578,CUST973,2027-04-28,returned,North,Karnataka,Beauty,PROD2727,2,2507,10,Net Banking,5014,1002.8000000000001,2027-04
ORD2579,CUST594,2027-04-29,canceled,West,West Bengal,Fashion,PROD3850,3,1428,5,Net Banking,4284,642.6000000000001,2027-04
ORD2580,CUST209,2027-04-30,shipped,West,Uttar Pradesh,Beauty,PROD7292,4,1235,20,Cash on Delivery,4940,1482.0000000000002,2027-04
ORD2581,CUST342,2027-05-01,canceled,East,Gujarat,Beauty,PROD7882,2,3902,0,Cash on Delivery,7804,780.4000000000001,2027-05
ORD2582,CUST490,2027-05-02,shipped,East,Uttar Pradesh,Beauty,PROD2054,1,4245,5,Credit Card,4245,636.7500000000001,2027-05
ORD2583,CUST685,2027-05-03,canceled,South,Gujarat,Sports,PROD2014,4,4649,15,Net Banking,18596,4649.0,2027-05
ORD2584,CUST467,2027-05-04,delivered,East,Gujarat,Sports,PROD5103,2,1464,20,Net Banking,2928,878.4000000000001,2027-05
ORD2585,CUST688,2027-05-05,delivered,East,Delhi,Books,PROD2875,2,2084,0,Credit Card,4168,416.8,2027-05
ORD2586,CUST402,2027-05-06,canceled,Central,Uttar Pradesh,Beauty,PROD1613,1,2009,10,Debit Card,2009,401.8,2027-05
ORD2587,CUST816,2027-05-07,processing,North,West Bengal,Fashion,PROD2194,1,3367,0,Cash on Delivery,3367,336.70000000000005,2027-05
ORD2588,CUST402,2027-05-08,canceled,East,West Bengal,Beauty,PROD8234,3,3997,10,Debit Card,11991,2398.2000000000003,2027-05
ORD2589,CUST122,2027-05-09,returned,South,Maharashtra,Electronics,PROD7132,4,2541,20,Credit Card,10164,3049.2000000000003,2027-05
ORD2590,CUST949,2027-05-10,delivered,East,Uttar Pradesh,Beauty,PROD1482,4,3614,10,UPI,14456,2891.2000000000003,2027-05
ORD2591,CUST774,2027-05-11,canceled,Central,Tamil Nadu,Beauty,PROD3851,3,1017,15,Credit Card,3051,762.75,2027-05
ORD2592,CUST505,2027-05-12,returned,West,Karnataka,Electronics,PROD6261,4,2637,10,UPI,10548,2109.6,2027-05
ORD2593,CUST381,2027-05-13,delivered,Central,Delhi,Home & Kitchen,PROD2763,4,1088,15,Net Banking,4352,1088.0,2027-05
ORD2594,CUST108,2027-05-14,processing,South,Tamil Nadu,Sports,PROD8364,4,867,20,Credit Card,3468,1040.4,2027-05
ORD2595,CUST679,2027-05-15,processing,West,Tamil Nadu,Sports,PROD7187,4,4928,20,Net Banking,19712,5913.600000000001,2027-05
ORD2596,CUST985,2027-05-16,returned,North,Tamil Nadu,Fashion,PROD3182,4,2824,0,UPI,11296,1129.6000000000001,2027-05
ORD2597,CUST802,2027-05-17,canceled,South,West Bengal,Sports,PROD4272,1,4432,15,UPI,4432,1108.0,2027-05
ORD2598,CUST896,2027-05-18,delivered,South,West Bengal,Books,PROD4206,4,4723,15,UPI,18892,4723.0,2027-05
ORD2599,CUST862,2027-05-19,processing,East,Gujarat,Fashion,PROD5136,1,1018,5,UPI,1018,152.70000000000002,2027-05
ORD2600,CUST150,2027-05-20,returned,South,Karnataka,Home & Kitchen,PROD9046,4,2388,5,Debit Card,9552,1432.8000000000002,2027-05
ORD2601,CUST720,2027-05-21,shipped,North,Gujarat,Beauty,PROD8168,3,1306,5,UPI,3918,587.7,2027-05
ORD2602,CUST863,2027-05-22,canceled,North,Delhi,Beauty,PROD5687,2,2424,10,Net Banking,4848,969.6,2027-05
ORD2603,CUST608,2027-05-23,shipped,North,Delhi,Home & Kitchen,PROD4694,1,397,5,Credit Card,397,59.55000000000001,2027-05
ORD2604,CUST952,2027-05-24,canceled,South,Karnataka,Beauty,PROD4296,4,2871,15,UPI,11484,2871.0,2027-05
ORD2605,CUST393,2027-05-25,delivered,Central,Gujarat,Home & Kitchen,PROD3655,3,3692,10,Net Banking,11076,2215.2000000000003,2027-05
ORD2606,CUST894,2027-05-26,returned,South,Gujarat,Beauty,PROD8111,2,2648,20,UPI,5296,1588.8000000000002,2027-05
ORD2607,CUST918,2027-05-27,delivered,East,Maharashtra,Sports,PROD9659,1,670,0,Debit Card,670,67.0,2027-05
ORD2608,CUST335,2027-05-28,shipped,North,West Bengal,Sports,PROD4150,2,2148,5,Debit Card,4296,644.4000000000001,2027-05
ORD2609,CUST721,2027-05-29,returned,East,Tamil Nadu,Beauty,PROD2409,3,4099,20,Cash on Delivery,12297,3689.1000000000004,2027-05
ORD2610,CUST921,2027-05-30,delivered,North,Gujarat,Electronics,PROD1397,1,2210,15,Cash on Delivery,2210,552.5,2027-05
ORD2611,CUST460,2027-05-31,delivered,East,Delhi,Home & Kitchen,PROD2576,2,4000,0,UPI,8000,800.0,2027-05
ORD2612,CUST324,2027-06-01,delivered,West,Karnataka,Fashion,PROD4334,4,4318,20,Net Banking,17272,5181.6,2027-06
ORD2613,CUST751,2027-06-02,shipped,West,Gujarat,Books,PROD1544,1,3996,0,UPI,3996,399.6,2027-06
ORD2614,CUST294,2027-06-03,delivered,North,Karnataka,Beauty,PROD3302,2,4188,5,Debit Card,8376,1256.4,2027-06
ORD2615,CUST735,2027-06-04,processing,East,West Bengal,Fashion,PROD1085,3,434,15,Net Banking,1302,325.5,2027-06
ORD2616,CUST356,2027-06-05,canceled,South,Tamil Nadu,Fashion,PROD6891,3,1128,0,Credit Card,3384,338.40000000000003,2027-06
ORD2617,CUST794,2027-06-06,processing,Central,Karnataka,Fashion,PROD7685,1,3807,20,UPI,3807,1142.1000000000001,2027-06
ORD2618,CUST873,2027-06-07,shipped,South,West Bengal,Electronics,PROD9955,2,722,5,UPI,1444,216.60000000000002,2027-06
ORD2619,CUST838,2027-06-08,shipped,South,Uttar Pradesh,Electronics,PROD2179,1,3723,5,Cash on Delivery,3723,558.45,2027-06
ORD2620,CUST885,2027-06-09,delivered,Central,Tamil Nadu,Sports,PROD6582,1,4726,20,Cash on Delivery,4726,1417.8000000000002,2027-06
ORD2621,CUST775,2027-06-10,returned,Central,Delhi,Books,PROD4036,2,1829,20,Debit Card,3658,1097.4,2027-06
ORD2622,CUST797,2027-06-11,processing,East,Tamil Nadu,Books,PROD9653,2,4828,0,UPI,9656,965.6,2027-06
ORD2623,CUST958,2027-06-12,shipped,Central,Maharashtra,Home & Kitchen,PROD9129,4,1516,10,UPI,6064,1212.8,2027-06
ORD2624,CUST240,2027-06-13,canceled,West,Tamil Nadu,Beauty,PROD4115,2,3057,5,Credit Card,6114,917.1000000000001,2027-06
ORD2625,CUST743,2027-06-14,shipped,Central,Tamil Nadu,Beauty,PROD4399,3,1324,0,Credit Card,3972,397.20000000000005,2027-06
ORD2626,CUST199,2027-06-15,processing,South,Maharashtra,Beauty,PROD8761,1,2787,20,Net Banking,2787,836.1000000000001,2027-06
ORD2627,CUST742,2027-06-16,canceled,North,Tamil Nadu,Beauty,PROD9205,1,1223,0,UPI,1223,122.30000000000001,2027-06
ORD2628,CUST761,2027-06-17,canceled,West,Gujarat,Books,PROD6768,3,1578,20,Cash on Delivery,4734,1420.2000000000003,2027-06
ORD2629,CUST140,2027-06-18,delivered,Central,Gujarat,Home & Kitchen,PROD6840,2,3574,15,Net Banking,7148,1787.0,2027-06
ORD2630,CUST416,2027-06-19,returned,Central,Karnataka,Beauty,PROD3258,3,1719,20,Debit Card,5157,1547.1000000000001,2027-06
ORD2631,CUST907,2027-06-20,canceled,North,Delhi,Beauty,PROD2100,3,426,20,Net Banking,1278,383.40000000000003,2027-06
ORD2632,CUST551,2027-06-21,delivered,East,Delhi,Home & Kitchen,PROD8190,4,1091,20,Debit Card,4364,1309.2000000000003,2027-06
ORD2633,CUST134,2027-06-22,returned,South,Uttar Pradesh,Books,PROD8004,3,4272,10,UPI,12816,2563.2000000000003,2027-06
ORD2634,CUST693,2027-06-23,delivered,North,Delhi,Sports,PROD7162,1,2457,20,Net Banking,2457,737.1000000000001,2027-06
ORD2635,CUST473,2027-06-24,shipped,East,Delhi,Electronics,PROD2161,3,2988,5,UPI,8964,1344.6000000000001,2027-06
ORD2636,CUST849,2027-06-25,shipped,South,West Bengal,Beauty,PROD2280,1,596,5,UPI,596,89.40000000000002,2027-06
ORD2637,CUST234,2027-06-26,returned,Central,Maharashtra,Electronics,PROD3083,1,2278,0,Net Banking,2278,227.8,2027-06
ORD2638,CUST192,2027-06-27,delivered,East,Tamil Nadu,Electronics,PROD9474,1,4944,10,UPI,4944,988.8000000000001,2027-06
ORD2639,CUST402,2027-06-28,processing,North,Tamil Nadu,Beauty,PROD5886,2,4624,0,Debit Card,9248,924.8000000000001,2027-06
ORD2640,CUST434,2027-06-29,delivered,West,Karnataka,Sports,PROD2653,4,3437,5,Debit Card,13748,2062.2000000000003,2027-06
ORD2641,CUST865,2027-06-30,processing,North,Tamil Nadu,Fashion,PROD2932,1,4093,5,UPI,4093,613.95,2027-06
ORD2642,CUST525,2027-07-01,canceled,North,Maharashtra,Fashion,PROD9170,1,2205,15,Credit Card,2205,551.25,2027-07
ORD2643,CUST279,2027-07-02,canceled,West,Karnataka,Beauty,PROD4777,2,2216,20,Credit Card,4432,1329.6000000000001,2027-07
ORD2644,CUST305,2027-07-03,canceled,East,Gujarat,Home & Kitchen,PROD1843,1,3371,5,Debit Card,3371,505.6500000000001,2027-07
ORD2645,CUST235,2027-07-04,delivered,East,Gujarat,Books,PROD9856,3,2868,0,Cash on Delivery,8604,860.4000000000001,2027-07
ORD2646,CUST905,2027-07-05,returned,North,Karnataka,Home & Kitchen,PROD6421,3,2078,0,UPI,6234,623.4000000000001,2027-07
ORD2647,CUST652,2027-07-06,processing,North,West Bengal,Sports,PROD1369,4,1396,20,Cash on Delivery,5584,1675.2000000000003,2027-07
ORD2648,CUST997,2027-07-07,delivered,East,Uttar Pradesh,Books,PROD4670,1,1972,20,Cash on Delivery,1972,591.6000000000001,2027-07
ORD2649,CUST474,2027-07-08,canceled,West,Tamil Nadu,Beauty,PROD5749,2,361,15,UPI,722,180.5,2027-07
ORD2650,CUST643,2027-07-09,shipped,South,West Bengal,Books,PROD5118,3,4176,10,Cash on Delivery,12528,2505.6000000000004,2027-07
ORD2651,CUST613,2027-07-10,canceled,West,Gujarat,Books,PROD7396,2,1951,0,Cash on Delivery,3902,390.20000000000005,2027-07
ORD2652,CUST379,2027-07-11,returned,Central,Maharashtra,Home & Kitchen,PROD6863,2,975,20,Debit Card,1950,585.0000000000001,2027-07
ORD2653,CUST950,2027-07-12,canceled,North,West Bengal,Books,PROD2113,3,1139,0,Net Banking,3417,341.70000000000005,2027-07
ORD2654,CUST268,2027-07-13,returned,East,Delhi,Electronics,PROD3586,2,3420,20,Cash on Delivery,6840,2052.0000000000005,2027-07
ORD2655,CUST363,2027-07-14,shipped,West,Gujarat,Books,PROD5719,3,739,5,Credit Card,2217,332.55000000000007,2027-07
ORD2656,CUST944,2027-07-15,processing,Central,Maharashtra,Beauty,PROD2225,2,1661,0,Debit Card,3322,332.20000000000005,2027-07
ORD2657,CUST593,2027-07-16,canceled,Central,Maharashtra,Beauty,PROD9755,3,555,5,Credit Card,1665,249.75000000000003,2027-07
ORD2658,CUST925,2027-07-17,returned,North,Gujarat,Books,PROD4955,1,3804,0,Credit Card,3804,380.40000000000003,2027-07
ORD2659,CUST402,2027-07-18,processing,South,Maharashtra,Fashion,PROD9482,4,3523,10,Cash on Delivery,14092,2818.4,2027-07
ORD2660,CUST864,2027-07-19,shipped,South,Karnataka,Fashion,PROD9192,3,434,15,Net Banking,1302,325.5,2027-07
ORD2661,CUST991,2027-07-20,returned,Central,Uttar Pradesh,Beauty,PROD6115,3,1748,5,UPI,5244,786.6000000000001,2027-07
ORD2662,CUST446,2027-07-21,shipped,West,Karnataka,Electronics,PROD7540,4,2296,20,Debit Card,9184,2755.2000000000003,2027-07
ORD2663,CUST923,2027-07-22,shipped,Central,Gujarat,Home & Kitchen,PROD1928,3,4413,10,UPI,13239,2647.8,2027-07
ORD2664,CUST217,2027-07-23,delivered,North,Maharashtra,Books,PROD9944,3,2301,0,Cash on Delivery,6903,690.3000000000001,2027-07
ORD2665,CUST579,2027-07-24,processing,North,Delhi,Books,PROD2816,2,1873,5,UPI,3746,561.9000000000001,2027-07
ORD2666,CUST177,2027-07-25,delivered,South,Karnataka,Books,PROD8716,4,2300,0,Net Banking,9200,920.0,2027-07
ORD2667,CUST244,2027-07-26,shipped,Central,West Bengal,Electronics,PROD5309,1,3857,0,Debit Card,3857,385.70000000000005,2027-07
ORD2668,CUST872,2027-07-27,returned,East,West Bengal,Books,PROD1491,3,4853,0,Net Banking,14559,1455.9,2027-07
ORD2669,CUST331,2027-07-28,canceled,East,Maharashtra,Books,PROD1528,4,3796,15,Credit Card,15184,3796.0,2027-07
ORD2670,CUST980,2027-07-29,delivered,West,Delhi,Books,PROD6538,2,3948,15,UPI,7896,1974.0,2027-07
ORD2671,CUST792,2027-07-30,canceled,West,Gujarat,Fashion,PROD7904,1,3373,20,Cash on Delivery,3373,1011.9000000000002,2027-07
ORD2672,CUST841,2027-07-31,delivered,South,West Bengal,Home & Kitchen,PROD5274,4,2015,5,Cash on Delivery,8060,1209.0000000000002,2027-07
ORD2673,CUST790,2027-08-01,processing,North,Gujarat,Sports,PROD4285,1,4041,10,Credit Card,4041,808.2,2027-08
ORD2674,CUST506,2027-08-02,canceled,East,Tamil Nadu,Beauty,PROD6481,1,2205,10,UPI,2205,441.0,2027-08
ORD2675,CUST966,2027-08-03,delivered,East,Tamil Nadu,Books,PROD1973,1,4693,10,Debit Card,4693,938.6,2027-08
ORD2676,CUST923,2027-08-04,shipped,East,Maharashtra,Fashion,PROD3282,3,874,0,Net Banking,2622,262.2,2027-08
ORD2677,CUST670,2027-08-05,returned,East,Uttar Pradesh,Home & Kitchen,PROD4346,3,586,15,Credit Card,1758,439.5,2027-08
ORD2678,CUST474,2027-08-06,shipped,South,West Bengal,Fashion,PROD9963,2,2358,5,Debit Card,4716,707.4000000000001,2027-08
ORD2679,CUST192,2027-08-07,processing,Central,Uttar Pradesh,Sports,PROD6400,2,2861,0,Cash on Delivery,5722,572.2,2027-08
ORD2680,CUST909,2027-08-08,processing,East,Maharashtra,Sports,PROD2021,4,2264,15,Debit Card,9056,2264.0,2027-08
ORD2681,CUST504,2027-08-09,delivered,North,Uttar Pradesh,Books,PROD4860,2,4051,15,UPI,8102,2025.5,2027-08
ORD2682,CUST114,2027-08-10,shipped,East,West Bengal,Fashion,PROD9086,1,3453,5,Credit Card,3453,517.95,2027-08
ORD2683,CUST370,2027-08-11,canceled,West,Gujarat,Electronics,PROD2194,1,4836,5,Net Banking,4836,725.4000000000001,2027-08
ORD2684,CUST649,2027-08-12,delivered,North,Uttar Pradesh,Electronics,PROD1579,3,4466,5,Debit Card,13398,2009.7000000000003,2027-08
ORD2685,CUST226,2027-08-13,delivered,Central,Gujarat,Electronics,PROD6666,1,939,0,Debit Card,939,93.9,2027-08
ORD2686,CUST565,2027-08-14,shipped,East,Uttar Pradesh,Books,PROD2159,4,1601,20,Debit Card,6404,1921.2000000000003,2027-08
ORD2687,CUST477,2027-08-15,returned,South,Karnataka,Books,PROD7819,1,3459,5,Debit Card,3459,518.85,2027-08
ORD2688,CUST788,2027-08-16,processing,South,Delhi,Beauty,PROD2320,1,2477,20,Net Banking,2477,743.1000000000001,2027-08
ORD2689,CUST866,2027-08-17,canceled,East,Maharashtra,Beauty,PROD8844,4,4104,0,Debit Card,16416,1641.6000000000001,2027-08
ORD2690,CUST788,2027-08-18,processing,West,Tamil Nadu,Books,PROD3121,2,4123,20,Debit Card,8246,2473.8,2027-08
ORD2691,CUST368,2027-08-19,delivered,South,Uttar Pradesh,Sports,PROD5432,2,4414,10,Credit Card,8828,1765.6000000000001,2027-08
ORD2692,CUST698,2027-08-20,returned,North,Maharashtra,Electronics,PROD1683,4,3427,20,UPI,13708,4112.400000000001,2027-08
ORD2693,CUST490,2027-08-21,delivered,West,Gujarat,Sports,PROD2704,3,3031,5,Debit Card,9093,1363.9500000000003,2027-08
ORD2694,CUST942,2027-08-22,returned,Central,Gujarat,Fashion,PROD1583,1,3958,0,Credit Card,3958,395.8,2027-08
ORD2695,CUST753,2027-08-23,shipped,Central,Karnataka,Beauty,PROD9136,4,2712,5,Cash on Delivery,10848,1627.2000000000003,2027-08
ORD2696,CUST480,2027-08-24,processing,South,Karnataka,Fashion,PROD9316,1,2351,10,Net Banking,2351,470.20000000000005,2027-08
ORD2697,CUST210,2027-08-25,delivered,West,Gujarat,Beauty,PROD4690,3,3875,5,Net Banking,11625,1743.7500000000002,2027-08
ORD2698,CUST791,2027-08-26,returned,South,Uttar Pradesh,Home & Kitchen,PROD6738,1,2945,5,Net Banking,2945,441.75000000000006,2027-08
ORD2699,CUST339,2027-08-27,returned,Central,West Bengal,Books,PROD8069,4,4066,5,Cash on Delivery,16264,2439.6000000000004,2027-08
ORD2700,CUST582,2027-08-28,delivered,South,Delhi,Home & Kitchen,PROD8824,1,3964,15,Cash on Delivery,3964,991.0,2027-08
ORD2701,CUST125,2027-08-29,processing,West,Gujarat,Sports,PROD5971,2,2422,10,Cash on Delivery,4844,968.8000000000001,2027-08
ORD2702,CUST734,2027-08-30,shipped,East,West Bengal,Sports,PROD4731,3,2992,5,Debit Card,8976,1346.4,2027-08
ORD2703,CUST674,2027-08-31,shipped,Central,West Bengal,Books,PROD1351,3,1897,5,Net Banking,5691,853.6500000000001,2027-08
ORD2704,CUST435,2027-09-01,canceled,East,Tamil Nadu,Beauty,PROD1906,3,3662,5,Debit Card,10986,1647.9000000000003,2027-09
ORD2705,CUST724,2027-09-02,canceled,West,Delhi,Sports,PROD1431,4,4263,0,Cash on Delivery,17052,1705.2,2027-09
ORD2706,CUST326,2027-09-03,canceled,Central,Tamil Nadu,Home & Kitchen,PROD4214,3,1724,15,Cash on Delivery,5172,1293.0,2027-09
ORD2707,CUST763,2027-09-04,processing,South,Tamil Nadu,Books,PROD9752,2,4960,0,Net Banking,9920,992.0,2027-09
ORD2708,CUST164,2027-09-05,canceled,South,Maharashtra,Beauty,PROD7215,4,232,15,Cash on Delivery,928,232.0,2027-09
ORD2709,CUST750,2027-09-06,canceled,South,Tamil Nadu,Books,PROD1296,2,4225,5,Net Banking,8450,1267.5000000000002,2027-09
ORD2710,CUST943,2027-09-07,processing,Central,Tamil Nadu,Electronics,PROD8899,1,2766,10,UPI,2766,553.2,2027-09
ORD2711,CUST575,2027-09-08,canceled,Central,Karnataka,Electronics,PROD1854,1,3003,20,UPI,3003,900.9000000000001,2027-09
ORD2712,CUST817,2027-09-09,shipped,South,Delhi,Books,PROD7342,1,4096,20,UPI,4096,1228.8000000000002,2027-09
ORD2713,CUST409,2027-09-10,delivered,South,Delhi,Sports,PROD7180,1,3909,5,Net Banking,3909,586.3500000000001,2027-09
ORD2714,CUST764,2027-09-11,shipped,East,Karnataka,Home & Kitchen,PROD3051,2,919,0,UPI,1838,183.8,2027-09
ORD2715,CUST518,2027-09-12,shipped,Central,Gujarat,Fashion,PROD8040,4,4779,10,UPI,19116,3823.2000000000003,2027-09
ORD2716,CUST219,2027-09-13,returned,South,Uttar Pradesh,Home & Kitchen,PROD7993,4,1172,15,Debit Card,4688,1172.0,2027-09
ORD2717,CUST243,2027-09-14,delivered,West,Maharashtra,Books,PROD3257,3,3918,5,UPI,11754,1763.1000000000004,2027-09
ORD2718,CUST146,2027-09-15,shipped,South,Delhi,Fashion,PROD2893,2,4602,10,Cash on Delivery,9204,1840.8000000000002,2027-09
ORD2719,CUST138,2027-09-16,delivered,Central,Uttar Pradesh,Books,PROD8175,1,4752,10,UPI,4752,950.4000000000001,2027-09
ORD2720,CUST411,2027-09-17,shipped,South,Karnataka,Beauty,PROD2933,2,2407,15,Credit Card,4814,1203.5,2027-09
ORD2721,CUST604,2027-09-18,processing,East,West Bengal,Books,PROD7024,3,4626,10,Debit Card,13878,2775.6000000000004,2027-09
ORD2722,CUST218,2027-09-19,processing,North,Maharashtra,Home & Kitchen,PROD6763,3,4520,0,UPI,13560,1356.0,2027-09
ORD2723,CUST199,2027-09-20,canceled,Central,Karnataka,Electronics,PROD4172,2,3230,0,Debit Card,6460,646.0,2027-09
ORD2724,CUST340,2027-09-21,processing,Central,Uttar Pradesh,Fashion,PROD6621,2,3775,0,Cash on Delivery,7550,755.0,2027-09
ORD2725,CUST650,2027-09-22,delivered,North,Delhi,Beauty,PROD8152,2,3316,10,Cash on Delivery,6632,1326.4,2027-09
ORD2726,CUST238,2027-09-23,returned,South,Delhi,Electronics,PROD1949,4,3485,0,Debit Card,13940,1394.0,2027-09
ORD2727,CUST497,2027-09-24,canceled,East,West Bengal,Electronics,PROD4902,1,843,15,Credit Card,843,210.75,2027-09
ORD2728,CUST564,2027-09-25,shipped,South,Tamil Nadu,Electronics,PROD4801,2,4911,10,Cash on Delivery,9822,1964.4,2027-09
ORD2729,CUST479,2027-09-26,processing,North,Karnataka,Books,PROD2507,2,394,20,Net Banking,788,236.40000000000003,2027-09
ORD2730,CUST786,2027-09-27,canceled,East,Gujarat,Beauty,PROD1164,2,4196,10,Cash on Delivery,8392,1678.4,2027-09
ORD2731,CUST860,2027-09-28,processing,West,Tamil Nadu,Sports,PROD4721,3,688,15,UPI,2064,516.0,2027-09
ORD2732,CUST813,2027-09-29,canceled,West,Karnataka,Beauty,PROD7767,3,2404,20,Credit Card,7212,2163.6000000000004,2027-09
ORD2733,CUST653,2027-09-30,delivered,East,Delhi,Books,PROD9785,4,2857,10,Cash on Delivery,11428,2285.6,2027-09
ORD2734,CUST529,2027-10-01,delivered,West,West Bengal,Home & Kitchen,PROD1750,1,3476,0,Debit Card,3476,347.6,2027-10
ORD2735,CUST701,2027-10-02,shipped,East,Karnataka,Books,PROD1244,4,1302,5,UPI,5208,781.2000000000002,2027-10
ORD2736,CUST860,2027-10-03,canceled,South,Gujarat,Beauty,PROD5094,1,1441,5,Cash on Delivery,1441,216.15000000000003,2027-10
ORD2737,CUST844,2027-10-04,returned,South,Karnataka,Fashion,PROD1931,3,715,0,Debit Card,2145,214.5,2027-10
ORD2738,CUST258,2027-10-05,delivered,North,Maharashtra,Fashion,PROD2255,3,592,5,Net Banking,1776,266.40000000000003,2027-10
ORD2739,CUST524,2027-10-06,shipped,South,West Bengal,Home & Kitchen,PROD1928,3,830,5,UPI,2490,373.50000000000006,2027-10
ORD2740,CUST770,2027-10-07,canceled,South,Uttar Pradesh,Fashion,PROD3076,4,3916,0,Cash on Delivery,15664,1566.4,2027-10
ORD2741,CUST201,2027-10-08,shipped,North,Maharashtra,Books,PROD8185,2,2047,0,Credit Card,4094,409.40000000000003,2027-10
ORD2742,CUST953,2027-10-09,delivered,Central,Gujarat,Fashion,PROD3958,2,2855,10,Net Banking,5710,1142.0,2027-10
ORD2743,CUST601,2027-10-10,shipped,Central,West Bengal,Fashion,PROD5630,3,1179,10,Cash on Delivery,3537,707.4000000000001,2027-10
ORD2744,CUST730,2027-10-11,canceled,East,West Bengal,Beauty,PROD1716,2,4729,0,Net Banking,9458,945.8000000000001,2027-10
ORD2745,CUST517,2027-10-12,processing,Central,Gujarat,Fashion,PROD6146,2,3602,15,Net Banking,7204,1801.0,2027-10
ORD2746,CUST386,2027-10-13,returned,Central,Maharashtra,Sports,PROD6728,4,4071,5,Cash on Delivery,16284,2442.6000000000004,2027-10
ORD2747,CUST133,2027-10-14,delivered,Central,West Bengal,Electronics,PROD5001,1,477,10,Net Banking,477,95.4,2027-10
ORD2748,CUST806,2027-10-15,canceled,South,Gujarat,Beauty,PROD5790,3,432,5,Credit Card,1296,194.40000000000003,2027-10
ORD2749,CUST479,2027-10-16,canceled,Central,West Bengal,Sports,PROD3125,3,1752,20,Debit Card,5256,1576.8000000000002,2027-10
ORD2750,CUST322,2027-10-17,shipped,South,Tamil Nadu,Fashion,PROD7517,4,3470,0,Credit Card,13880,1388.0,2027-10
ORD2751,CUST554,2027-10-18,delivered,South,Karnataka,Fashion,PROD8843,4,2609,15,Cash on Delivery,10436,2609.0,2027-10
ORD2752,CUST555,2027-10-19,processing,North,Uttar Pradesh,Fashion,PROD3005,2,3712,20,Net Banking,7424,2227.2000000000003,2027-10
ORD2753,CUST341,2027-10-20,processing,East,Delhi,Electronics,PROD2258,3,225,20,Cash on Delivery,675,202.50000000000003,2027-10
ORD2754,CUST975,2027-10-21,returned,North,Karnataka,Books,PROD2251,1,660,20,Credit Card,660,198.00000000000003,2027-10
ORD2755,CUST471,2027-10-22,returned,West,West Bengal,Fashion,PROD5099,4,3964,0,UPI,15856,1585.6000000000001,2027-10
ORD2756,CUST201,2027-10-23,shipped,South,West Bengal,Fashion,PROD9907,1,3631,10,Net Banking,3631,726.2,2027-10
ORD2757,CUST802,2027-10-24,delivered,Central,Karnataka,Home & Kitchen,PROD4372,1,3683,0,Debit Card,3683,368.3,2027-10
ORD2758,CUST476,2027-10-25,processing,Central,Gujarat,Beauty,PROD9108,3,2194,10,Credit Card,6582,1316.4,2027-10
ORD2759,CUST657,2027-10-26,delivered,West,West Bengal,Beauty,PROD6848,3,690,20,UPI,2070,621.0000000000001,2027-10
ORD2760,CUST760,2027-10-27,shipped,East,Maharashtra,Books,PROD4609,4,1272,20,Credit Card,5088,1526.4000000000003,2027-10
ORD2761,CUST467,2027-10-28,delivered,South,Uttar Pradesh,Sports,PROD8266,3,3373,15,UPI,10119,2529.75,2027-10
ORD2762,CUST162,2027-10-29,delivered,West,Gujarat,Electronics,PROD5959,3,415,10,Cash on Delivery,1245,249.0,2027-10
ORD2763,CUST507,2027-10-30,delivered,West,Tamil Nadu,Books,PROD7011,3,1923,20,UPI,5769,1730.7000000000003,2027-10
ORD2764,CUST382,2027-10-31,shipped,West,Gujarat,Fashion,PROD5795,1,1792,5,Credit Card,1792,268.80000000000007,2027-10
ORD2765,CUST294,2027-11-01,shipped,South,Delhi,Electronics,PROD5001,4,2806,15,Cash on Delivery,11224,2806.0,2027-11
ORD2766,CUST225,2027-11-02,shipped,South,Delhi,Home & Kitchen,PROD9631,2,358,0,Net Banking,716,71.60000000000001,2027-11
ORD2767,CUST968,2027-11-03,processing,South,Maharashtra,Electronics,PROD5383,1,4981,15,Net Banking,4981,1245.25,2027-11
ORD2768,CUST943,2027-11-04,canceled,South,Delhi,Beauty,PROD6224,3,3513,5,Debit Card,10539,1580.8500000000001,2027-11
ORD2769,CUST565,2027-11-05,delivered,North,Karnataka,Electronics,PROD9870,1,3041,10,Net Banking,3041,608.2,2027-11
ORD2770,CUST193,2027-11-06,returned,West,Karnataka,Home & Kitchen,PROD9248,3,1976,0,Debit Card,5928,592.8000000000001,2027-11
ORD2771,CUST778,2027-11-07,returned,North,Maharashtra,Electronics,PROD2710,3,2252,0,Net Banking,6756,675.6,2027-11
ORD2772,CUST317,2027-11-08,canceled,East,Gujarat,Home & Kitchen,PROD1884,1,2495,10,UPI,2495,499.0,2027-11
ORD2773,CUST757,2027-11-09,delivered,West,Gujarat,Electronics,PROD6679,4,1896,15,Cash on Delivery,7584,1896.0,2027-11
ORD2774,CUST754,2027-11-10,delivered,South,Tamil Nadu,Sports,PROD7731,3,3193,20,UPI,9579,2873.7000000000003,2027-11
ORD2775,CUST711,2027-11-11,delivered,South,Karnataka,Fashion,PROD8966,4,2669,15,UPI,10676,2669.0,2027-11
ORD2776,CUST121,2027-11-12,shipped,South,Tamil Nadu,Beauty,PROD5583,2,2146,5,Debit Card,4292,643.8000000000001,2027-11
ORD2777,CUST151,2027-11-13,processing,North,Gujarat,Beauty,PROD2285,3,4009,20,Cash on Delivery,12027,3608.1000000000004,2027-11
ORD2778,CUST905,2027-11-14,shipped,South,Tamil Nadu,Books,PROD4335,4,2983,15,Cash on Delivery,11932,2983.0,2027-11
ORD2779,CUST441,2027-11-15,delivered,West,Delhi,Electronics,PROD3246,4,3844,10,Net Banking,15376,3075.2000000000003,2027-11
ORD2780,CUST349,2027-11-16,canceled,Central,West Bengal,Electronics,PROD9535,2,2700,5,Debit Card,5400,810.0000000000001,2027-11
ORD2781,CUST228,2027-11-17,delivered,West,Karnataka,Electronics,PROD4777,4,3845,5,Cash on Delivery,15380,2307.0000000000005,2027-11
ORD2782,CUST905,2027-11-18,delivered,East,Gujarat,Home & Kitchen,PROD5996,4,2845,5,Cash on Delivery,11380,1707.0000000000002,2027-11
ORD2783,CUST678,2027-11-19,processing,West,Gujarat,Electronics,PROD4453,2,2549,20,UPI,5098,1529.4000000000003,2027-11
ORD2784,CUST310,2027-11-20,delivered,South,West Bengal,Books,PROD3011,3,2132,0,Credit Card,6396,639.6,2027-11
ORD2785,CUST170,2027-11-21,shipped,West,Delhi,Sports,PROD7101,4,3494,20,Cash on Delivery,13976,4192.8,2027-11
ORD2786,CUST949,2027-11-22,returned,West,Gujarat,Electronics,PROD3325,4,1957,15,Credit Card,7828,1957.0,2027-11
ORD2787,CUST883,2027-11-23,processing,North,Maharashtra,Electronics,PROD1587,4,1316,0,UPI,5264,526.4,2027-11
ORD2788,CUST667,2027-11-24,processing,Central,Karnataka,Fashion,PROD4851,1,2767,15,Cash on Delivery,2767,691.75,2027-11
ORD2789,CUST312,2027-11-25,processing,West,Gujarat,Sports,PROD8213,2,3699,0,Credit Card,7398,739.8000000000001,2027-11
ORD2790,CUST700,2027-11-26,delivered,East,Maharashtra,Electronics,PROD8434,1,692,20,Credit Card,692,207.60000000000002,2027-11
ORD2791,CUST321,2027-11-27,processing,West,Gujarat,Beauty,PROD2871,2,3506,5,Cash on Delivery,7012,1051.8000000000002,2027-11
ORD2792,CUST932,2027-11-28,processing,Central,Gujarat,Sports,PROD1348,3,819,10,Credit Card,2457,491.40000000000003,2027-11
ORD2793,CUST990,2027-11-29,shipped,Central,Delhi,Sports,PROD9174,3,3432,5,Cash on Delivery,10296,1544.4000000000003,2027-11
ORD2794,CUST338,2027-11-30,canceled,Central,Delhi,Home & Kitchen,PROD1553,4,4023,20,Net Banking,16092,4827.6,2027-11
ORD2795,CUST436,2027-12-01,shipped,Central,West Bengal,Beauty,PROD5428,2,2580,0,Debit Card,5160,516.0,2027-12
ORD2796,CUST892,2027-12-02,shipped,Central,Delhi,Beauty,PROD5554,3,1746,5,Debit Card,5238,785.7000000000002,2027-12
ORD2797,CUST251,2027-12-03,canceled,North,Gujarat,Home & Kitchen,PROD7294,2,3763,20,Debit Card,7526,2257.8,2027-12
ORD2798,CUST907,2027-12-04,canceled,Central,Karnataka,Sports,PROD5921,3,1805,15,Cash on Delivery,5415,1353.75,2027-12
ORD2799,CUST710,2027-12-05,processing,North,West Bengal,Beauty,PROD2384,1,3952,10,Debit Card,3952,790.4000000000001,2027-12
ORD2800,CUST102,2027-12-06,shipped,West,Delhi,Home & Kitchen,PROD1978,3,4875,5,Debit Card,14625,2193.7500000000005,2027-12
ORD2801,CUST383,2027-12-07,delivered,West,Gujarat,Home & Kitchen,PROD5572,1,2090,0,Credit Card,2090,209.0,2027-12
ORD2802,CUST979,2027-12-08,returned,North,Maharashtra,Books,PROD7290,3,1475,15,Net Banking,4425,1106.25,2027-12
ORD2803,CUST248,2027-12-09,returned,South,Gujarat,Home & Kitchen,PROD9115,4,2943,20,Credit Card,11772,3531.6000000000004,2027-12
ORD2804,CUST233,2027-12-10,returned,Central,Tamil Nadu,Home & Kitchen,PROD1308,1,2693,10,UPI,2693,538.6,2027-12
ORD2805,CUST653,2027-12-11,shipped,Central,West Bengal,Fashion,PROD7268,3,556,0,Credit Card,1668,166.8,2027-12
ORD2806,CUST356,2027-12-12,canceled,West,Karnataka,Home & Kitchen,PROD7302,4,1069,20,Credit Card,4276,1282.8000000000002,2027-12
ORD2807,CUST917,2027-12-13,processing,North,Uttar Pradesh,Books,PROD8274,1,1085,20,Net Banking,1085,325.50000000000006,2027-12
ORD2808,CUST278,2027-12-14,processing,Central,Maharashtra,Beauty,PROD1727,4,2201,5,Cash on Delivery,8804,1320.6000000000001,2027-12
ORD2809,CUST212,2027-12-15,returned,West,Karnataka,Beauty,PROD4677,2,1483,5,Net Banking,2966,444.9000000000001,2027-12
ORD2810,CUST776,2027-12-16,processing,Central,Delhi,Sports,PROD4370,2,819,0,Net Banking,1638,163.8,2027-12
ORD2811,CUST987,2027-12-17,delivered,North,Uttar Pradesh,Electronics,PROD7214,1,1082,20,Net Banking,1082,324.6,2027-12
ORD2812,CUST126,2027-12-18,delivered,South,West Bengal,Home & Kitchen,PROD4021,3,996,5,Net Banking,2988,448.20000000000005,2027-12
ORD2813,CUST234,2027-12-19,canceled,East,Gujarat,Home & Kitchen,PROD8062,1,3842,10,Debit Card,3842,768.4000000000001,2027-12
ORD2814,CUST115,2027-12-20,processing,West,Uttar Pradesh,Electronics,PROD9724,4,3625,10,UPI,14500,2900.0,2027-12
ORD2815,CUST466,2027-12-21,shipped,West,West Bengal,Electronics,PROD1856,3,1496,20,Debit Card,4488,1346.4,2027-12
ORD2816,CUST908,2027-12-22,processing,East,Karnataka,Beauty,PROD5999,2,4914,5,Credit Card,9828,1474.2000000000003,2027-12
ORD2817,CUST907,2027-12-23,shipped,East,Delhi,Books,PROD1512,3,444,0,UPI,1332,133.20000000000002,2027-12
ORD2818,CUST343,2027-12-24,returned,West,West Bengal,Beauty,PROD9872,2,3095,0,UPI,6190,619.0,2027-12
ORD2819,CUST702,2027-12-25,shipped,South,Maharashtra,Books,PROD6698,3,1129,0,Debit Card,3387,338.70000000000005,2027-12
ORD2820,CUST431,2027-12-26,returned,West,Gujarat,Fashion,PROD1425,3,719,10,Net Banking,2157,431.40000000000003,2027-12
ORD2821,CUST116,2027-12-27,delivered,East,Maharashtra,Electronics,PROD6508,3,3412,5,UPI,10236,1535.4000000000003,2027-12
ORD2822,CUST278,2027-12-28,processing,Central,West Bengal,Sports,PROD5301,4,2609,5,Net Banking,10436,1565.4000000000003,2027-12
ORD2823,CUST371,2027-12-29,canceled,North,West Bengal,Electronics,PROD4547,4,207,10,Credit Card,828,165.60000000000002,2027-12
ORD2824,CUST153,2027-12-30,processing,Central,Tamil Nadu,Sports,PROD1448,1,2725,0,Debit Card,2725,272.5,2027-12
ORD2825,CUST229,2027-12-31,returned,South,West Bengal,Home & Kitchen,PROD6586,1,3623,0,UPI,3623,362.3,2027-12
ORD2826,CUST859,2028-01-01,processing,West,Delhi,Books,PROD8111,2,2219,20,Net Banking,4438,1331.4,2028-01
ORD2827,CUST531,2028-01-02,canceled,West,Gujarat,Fashion,PROD8004,4,4790,15,Debit Card,19160,4790.0,2028-01
ORD2828,CUST638,2028-01-03,returned,North,West Bengal,Home & Kitchen,PROD1935,2,4482,5,Debit Card,8964,1344.6000000000001,2028-01
ORD2829,CUST216,2028-01-04,returned,Central,Tamil Nadu,Beauty,PROD2789,1,3867,5,UPI,3867,580.0500000000001,2028-01
ORD2830,CUST863,2028-01-05,canceled,North,Maharashtra,Sports,PROD7358,2,3871,5,Credit Card,7742,1161.3000000000002,2028-01
ORD2831,CUST165,2028-01-06,processing,South,Delhi,Books,PROD5709,1,3001,15,UPI,3001,750.25,2028-01
ORD2832,CUST587,2028-01-07,canceled,Central,Tamil Nadu,Books,PROD9761,4,285,20,Net Banking,1140,342.00000000000006,2028-01
ORD2833,CUST559,2028-01-08,shipped,Central,West Bengal,Beauty,PROD8594,3,3315,15,Credit Card,9945,2486.25,2028-01
ORD2834,CUST896,2028-01-09,delivered,South,Karnataka,Sports,PROD7944,4,4432,0,Cash on Delivery,17728,1772.8000000000002,2028-01
ORD2835,CUST470,2028-01-10,canceled,West,Karnataka,Beauty,PROD9501,2,2668,0,UPI,5336,533.6,2028-01
ORD2836,CUST625,2028-01-11,returned,West,Uttar Pradesh,Books,PROD5261,2,3819,5,Credit Card,7638,1145.7000000000003,2028-01
ORD2837,CUST707,2028-01-12,shipped,East,Maharashtra,Fashion,PROD3663,4,1836,10,Cash on Delivery,7344,1468.8000000000002,2028-01
ORD2838,CUST211,2028-01-13,delivered,West,Maharashtra,Electronics,PROD7247,4,3783,5,Credit Card,15132,2269.8,2028-01
ORD2839,CUST562,2028-01-14,canceled,North,Tamil Nadu,Books,PROD8656,1,4209,10,Cash on Delivery,4209,841.8000000000001,2028-01
ORD2840,CUST615,2028-01-15,delivered,South,Tamil Nadu,Home & Kitchen,PROD4903,2,3526,15,Credit Card,7052,1763.0,2028-01
ORD2841,CUST326,2028-01-16,processing,West,Uttar Pradesh,Electronics,PROD3160,2,2418,0,UPI,4836,483.6,2028-01
ORD2842,CUST729,2028-01-17,returned,Central,West Bengal,Books,PROD1248,4,2417,10,Credit Card,9668,1933.6000000000001,2028-01
ORD2843,CUST144,2028-01-18,canceled,South,Gujarat,Home & Kitchen,PROD5598,3,2569,15,Debit Card,7707,1926.75,2028-01
ORD2844,CUST844,2028-01-19,returned,West,Gujarat,Electronics,PROD5495,2,3838,0,Credit Card,7676,767.6,2028-01
ORD2845,CUST902,2028-01-20,shipped,North,West Bengal,Books,PROD2401,3,2703,10,Cash on Delivery,8109,1621.8000000000002,2028-01
ORD2846,CUST987,2028-01-21,shipped,East,Gujarat,Home & Kitchen,PROD5094,4,1143,5,Credit Card,4572,685.8000000000001,2028-01
ORD2847,CUST774,2028-01-22,delivered,East,Tamil Nadu,Books,PROD9893,4,3037,5,Credit Card,12148,1822.2000000000003,2028-01
ORD2848,CUST633,2028-01-23,shipped,South,Gujarat,Beauty,PROD5846,1,2860,5,UPI,2860,429.00000000000006,2028-01
ORD2849,CUST408,2028-01-24,shipped,North,Uttar Pradesh,Fashion,PROD6530,2,3136,15,Net Banking,6272,1568.0,2028-01
ORD2850,CUST569,2028-01-25,canceled,North,West Bengal,Sports,PROD7465,3,4644,5,UPI,13932,2089.8,2028-01
ORD2851,CUST758,2028-01-26,returned,North,Delhi,Beauty,PROD1632,1,4147,20,Credit Card,4147,1244.1000000000001,2028-01
ORD2852,CUST131,2028-01-27,delivered,West,Gujarat,Beauty,PROD5493,2,1876,0,Cash on Delivery,3752,375.20000000000005,2028-01
ORD2853,CUST162,2028-01-28,shipped,East,Karnataka,Books,PROD6926,1,1396,15,Cash on Delivery,1396,349.0,2028-01
ORD2854,CUST590,2028-01-29,returned,North,Delhi,Sports,PROD5403,4,4305,5,UPI,17220,2583.0000000000005,2028-01
ORD2855,CUST967,2028-01-30,processing,Central,Delhi,Electronics,PROD5104,2,2987,0,Credit Card,5974,597.4,2028-01
ORD2856,CUST511,2028-01-31,canceled,West,Gujarat,Home & Kitchen,PROD1202,1,1661,10,Debit Card,1661,332.20000000000005,2028-01
ORD2857,CUST536,2028-02-01,shipped,Central,West Bengal,Beauty,PROD3036,1,3518,5,Debit Card,3518,527.7,2028-02
ORD2858,CUST802,2028-02-02,shipped,Central,Tamil Nadu,Beauty,PROD6028,3,866,0,Cash on Delivery,2598,259.8,2028-02
ORD2859,CUST210,2028-02-03,shipped,South,Karnataka,Books,PROD6259,1,2376,20,Net Banking,2376,712.8000000000001,2028-02
ORD2860,CUST602,2028-02-04,returned,West,Tamil Nadu,Books,PROD5333,2,3943,10,Debit Card,7886,1577.2,2028-02
ORD2861,CUST829,2028-02-05,canceled,Central,West Bengal,Electronics,PROD3929,2,800,20,Cash on Delivery,1600,480.00000000000006,2028-02
ORD2862,CUST554,2028-02-06,canceled,West,Uttar Pradesh,Books,PROD8271,3,2852,0,Debit Card,8556,855.6,2028-02
ORD2863,CUST175,2028-02-07,returned,North,Gujarat,Beauty,PROD8581,2,4622,20,UPI,9244,2773.2000000000003,2028-02
ORD2864,CUST182,2028-02-08,delivered,South,Karnataka,Home & Kitchen,PROD1282,4,4024,0,Credit Card,16096,1609.6000000000001,2028-02
ORD2865,CUST429,2028-02-09,canceled,East,Gujarat,Sports,PROD8207,2,4106,0,Debit Card,8212,821.2,2028-02
ORD2866,CUST722,2028-02-10,returned,Central,Karnataka,Fashion,PROD1145,2,1179,20,Cash on Delivery,2358,707.4000000000001,2028-02
ORD2867,CUST251,2028-02-11,returned,South,Tamil Nadu,Books,PROD8642,1,2651,0,UPI,2651,265.1,2028-02
ORD2868,CUST167,2028-02-12,shipped,South,Maharashtra,Fashion,PROD1606,1,828,5,Cash on Delivery,828,124.20000000000002,2028-02
ORD2869,CUST229,2028-02-13,returned,South,Delhi,Sports,PROD6877,2,1829,0,Debit Card,3658,365.8,2028-02
ORD2870,CUST381,2028-02-14,shipped,South,Karnataka,Sports,PROD8867,3,3896,15,Net Banking,11688,2922.0,2028-02
ORD2871,CUST739,2028-02-15,processing,North,Tamil Nadu,Books,PROD4569,1,3630,0,Debit Card,3630,363.0,2028-02
ORD2872,CUST748,2028-02-16,returned,West,Delhi,Sports,PROD7694,3,3874,15,Cash on Delivery,11622,2905.5,2028-02
ORD2873,CUST699,2028-02-17,canceled,East,Delhi,Electronics,PROD1959,2,4129,0,Debit Card,8258,825.8000000000001,2028-02
ORD2874,CUST661,2028-02-18,shipped,East,Gujarat,Fashion,PROD2303,2,2965,0,Net Banking,5930,593.0,2028-02
ORD2875,CUST829,2028-02-19,processing,West,Uttar Pradesh,Beauty,PROD5529,4,4569,20,Credit Card,18276,5482.800000000001,2028-02
ORD2876,CUST432,2028-02-20,delivered,East,Tamil Nadu,Electronics,PROD6145,1,4980,5,Cash on Delivery,4980,747.0000000000001,2028-02
ORD2877,CUST490,2028-02-21,delivered,South,Maharashtra,Home & Kitchen,PROD2049,2,315,5,Credit Card,630,94.50000000000001,2028-02
ORD2878,CUST711,2028-02-22,delivered,North,Maharashtra,Books,PROD8216,4,2203,10,Cash on Delivery,8812,1762.4,2028-02
ORD2879,CUST643,2028-02-23,shipped,South,Uttar Pradesh,Sports,PROD3945,1,892,20,Credit Card,892,267.6,2028-02
ORD2880,CUST401,2028-02-24,returned,South,West Bengal,Beauty,PROD5227,2,3362,20,UPI,6724,2017.2000000000003,2028-02
ORD2881,CUST564,2028-02-25,shipped,North,Uttar Pradesh,Fashion,PROD5524,2,1305,5,UPI,2610,391.50000000000006,2028-02
ORD2882,CUST617,2028-02-26,delivered,Central,West Bengal,Beauty,PROD5252,1,3208,20,Credit Card,3208,962.4000000000001,2028-02
ORD2883,CUST719,2028-02-27,returned,East,Tamil Nadu,Electronics,PROD9108,1,2361,5,UPI,2361,354.15000000000003,2028-02
ORD2884,CUST540,2028-02-28,processing,North,Maharashtra,Beauty,PROD3084,1,353,20,Debit Card,353,105.90000000000002,2028-02
ORD2885,CUST201,2028-02-29,delivered,West,Delhi,Books,PROD4726,2,3899,0,Cash on Delivery,7798,779.8000000000001,2028-02
ORD2886,CUST912,2028-03-01,canceled,West,Tamil Nadu,Sports,PROD3858,2,4610,5,Cash on Delivery,9220,1383.0000000000002,2028-03
ORD2887,CUST818,2028-03-02,returned,West,Karnataka,Fashion,PROD3406,4,3986,5,Debit Card,15944,2391.6000000000004,2028-03
ORD2888,CUST217,2028-03-03,shipped,Central,West Bengal,Fashion,PROD1812,3,1264,15,Credit Card,3792,948.0,2028-03
ORD2889,CUST973,2028-03-04,shipped,North,Gujarat,Fashion,PROD4812,1,4400,20,Net Banking,4400,1320.0000000000002,2028-03
ORD2890,CUST770,2028-03-05,canceled,Central,Tamil Nadu,Fashion,PROD2875,2,2113,20,Debit Card,4226,1267.8000000000002,2028-03
ORD2891,CUST766,2028-03-06,shipped,West,Maharashtra,Books,PROD1630,2,1416,5,Cash on Delivery,2832,424.80000000000007,2028-03
ORD2892,CUST998,2028-03-07,canceled,South,Delhi,Books,PROD4018,1,2601,0,Debit Card,2601,260.1,2028-03
ORD2893,CUST887,2028-03-08,delivered,South,Uttar Pradesh,Electronics,PROD9302,3,1972,0,Cash on Delivery,5916,591.6,2028-03
ORD2894,CUST664,2028-03-09,delivered,Central,Delhi,Electronics,PROD8214,1,2160,0,UPI,2160,216.0,2028-03
ORD2895,CUST838,2028-03-10,shipped,West,Uttar Pradesh,Beauty,PROD6199,3,2980,20,Net Banking,8940,2682.0000000000005,2028-03
ORD2896,CUST986,2028-03-11,returned,West,Karnataka,Books,PROD1687,2,4946,15,Cash on Delivery,9892,2473.0,2028-03
ORD2897,CUST320,2028-03-12,shipped,West,Tamil Nadu,Electronics,PROD4734,3,3071,5,Net Banking,9213,1381.9500000000003,2028-03
ORD2898,CUST540,2028-03-13,delivered,West,Maharashtra,Fashion,PROD1996,4,860,10,Net Banking,3440,688.0,2028-03
ORD2899,CUST562,2028-03-14,returned,North,Karnataka,Home & Kitchen,PROD5244,2,2835,15,Credit Card,5670,1417.5,2028-03
ORD2900,CUST333,2028-03-15,canceled,Central,Tamil Nadu,Beauty,PROD5217,4,2529,10,Cash on Delivery,10116,2023.2,2028-03
ORD2901,CUST523,2028-03-16,delivered,Central,Uttar Pradesh,Home & Kitchen,PROD1264,1,4154,15,Credit Card,4154,1038.5,2028-03
ORD2902,CUST447,2028-03-17,canceled,North,Maharashtra,Fashion,PROD6789,1,2650,0,UPI,2650,265.0,2028-03
ORD2903,CUST947,2028-03-18,processing,South,Maharashtra,Books,PROD9854,1,1332,20,Debit Card,1332,399.6000000000001,2028-03
ORD2904,CUST564,2028-03-19,returned,Central,West Bengal,Home & Kitchen,PROD1732,3,899,10,UPI,2697,539.4,2028-03
ORD2905,CUST508,2028-03-20,delivered,East,Uttar Pradesh,Books,PROD4845,2,2238,15,Debit Card,4476,1119.0,2028-03
ORD2906,CUST525,2028-03-21,canceled,Central,Delhi,Beauty,PROD6729,1,4847,20,Debit Card,4847,1454.1000000000001,2028-03
ORD2907,CUST847,2028-03-22,canceled,Central,Gujarat,Books,PROD2788,1,4700,10,Net Banking,4700,940.0,2028-03
ORD2908,CUST197,2028-03-23,canceled,South,Delhi,Electronics,PROD2269,2,4757,5,Debit Card,9514,1427.1000000000001,2028-03
ORD2909,CUST420,2028-03-24,shipped,North,Gujarat,Books,PROD9305,1,2379,15,Net Banking,2379,594.75,2028-03
ORD2910,CUST537,2028-03-25,shipped,South,West Bengal,Fashion,PROD8271,4,3038,5,Credit Card,12152,1822.8000000000002,2028-03
ORD2911,CUST420,2028-03-26,processing,South,Delhi,Sports,PROD2854,2,1073,0,UPI,2146,214.60000000000002,2028-03
ORD2912,CUST781,2028-03-27,processing,North,Maharashtra,Books,PROD9372,2,283,5,Credit Card,566,84.9,2028-03
ORD2913,CUST361,2028-03-28,canceled,East,Tamil Nadu,Books,PROD2268,2,1622,5,Net Banking,3244,486.6000000000001,2028-03
ORD2914,CUST483,2028-03-29,shipped,North,West Bengal,Beauty,PROD4882,4,2875,15,Cash on Delivery,11500,2875.0,2028-03
ORD2915,CUST256,2028-03-30,returned,South,Tamil Nadu,Electronics,PROD4343,2,3380,0,Credit Card,6760,676.0,2028-03
ORD2916,CUST803,2028-03-31,returned,North,Tamil Nadu,Books,PROD6337,4,4516,5,Cash on Delivery,18064,2709.6000000000004,2028-03
ORD2917,CUST585,2028-04-01,canceled,Central,Gujarat,Home & Kitchen,PROD7084,2,4175,20,Credit Card,8350,2505.0000000000005,2028-04
ORD2918,CUST168,2028-04-02,shipped,Central,Gujarat,Fashion,PROD7815,3,1591,10,UPI,4773,954.6,2028-04
ORD2919,CUST193,2028-04-03,returned,East,Gujarat,Sports,PROD2169,1,3418,5,Cash on Delivery,3418,512.7,2028-04
ORD2920,CUST951,2028-04-04,shipped,East,Karnataka,Sports,PROD7987,3,4407,0,Cash on Delivery,13221,1322.1000000000001,2028-04
ORD2921,CUST187,2028-04-05,processing,North,Karnataka,Electronics,PROD5638,1,814,5,Cash on Delivery,814,122.10000000000002,2028-04
ORD2922,CUST195,2028-04-06,canceled,North,West Bengal,Books,PROD3344,4,3171,10,Cash on Delivery,12684,2536.8,2028-04
ORD2923,CUST542,2028-04-07,canceled,North,Delhi,Home & Kitchen,PROD1404,3,3765,0,Cash on Delivery,11295,1129.5,2028-04
ORD2924,CUST198,2028-04-08,shipped,West,Delhi,Beauty,PROD6350,2,3776,15,Net Banking,7552,1888.0,2028-04
ORD2925,CUST862,2028-04-09,shipped,South,Tamil Nadu,Books,PROD6902,1,4770,0,Cash on Delivery,4770,477.0,2028-04
ORD2926,CUST856,2028-04-10,delivered,South,Delhi,Books,PROD6488,1,470,15,Debit Card,470,117.5,2028-04
ORD2927,CUST481,2028-04-11,returned,East,Gujarat,Books,PROD7686,3,4266,0,UPI,12798,1279.8000000000002,2028-04
ORD2928,CUST931,2028-04-12,processing,Central,Tamil Nadu,Books,PROD7139,4,2668,10,UPI,10672,2134.4,2028-04
ORD2929,CUST233,2028-04-13,returned,Central,Uttar Pradesh,Beauty,PROD8711,3,1590,10,Debit Card,4770,954.0,2028-04
ORD2930,CUST669,2028-04-14,delivered,Central,Tamil Nadu,Books,PROD5817,4,3554,0,Net Banking,14216,1421.6000000000001,2028-04
ORD2931,CUST161,2028-04-15,shipped,Central,Gujarat,Books,PROD1510,4,4335,5,Debit Card,17340,2601.0000000000005,2028-04
ORD2932,CUST700,2028-04-16,returned,South,Karnataka,Sports,PROD3626,1,3807,10,UPI,3807,761.4000000000001,2028-04
ORD2933,CUST675,2028-04-17,canceled,West,West Bengal,Beauty,PROD7034,3,2783,15,Net Banking,8349,2087.25,2028-04
ORD2934,CUST675,2028-04-18,returned,Central,West Bengal,Fashion,PROD1730,3,4273,15,Net Banking,12819,3204.75,2028-04
ORD2935,CUST437,2028-04-19,shipped,East,Tamil Nadu,Fashion,PROD5765,4,3275,20,Net Banking,13100,3930.0000000000005,2028-04
ORD2936,CUST786,2028-04-20,returned,North,Delhi,Home & Kitchen,PROD3458,3,4106,15,Net Banking,12318,3079.5,2028-04
ORD2937,CUST225,2028-04-21,delivered,North,Tamil Nadu,Electronics,PROD1418,2,489,20,Credit Card,978,293.40000000000003,2028-04
ORD2938,CUST520,2028-04-22,processing,East,Delhi,Home & Kitchen,PROD2740,2,2680,0,Net Banking,5360,536.0,2028-04
ORD2939,CUST462,2028-04-23,shipped,East,Gujarat,Electronics,PROD4464,3,3452,0,Credit Card,10356,1035.6000000000001,2028-04
ORD2940,CUST994,2028-04-24,canceled,East,Tamil Nadu,Electronics,PROD6129,3,478,0,Net Banking,1434,143.4,2028-04
ORD2941,CUST781,2028-04-25,delivered,West,Maharashtra,Electronics,PROD9368,4,3124,5,Credit Card,12496,1874.4000000000003,2028-04
ORD2942,CUST868,2028-04-26,shipped,North,Karnataka,Home & Kitchen,PROD9326,2,780,5,UPI,1560,234.00000000000003,2028-04
ORD2943,CUST533,2028-04-27,canceled,West,Karnataka,Books,PROD6636,2,453,20,Cash on Delivery,906,271.80000000000007,2028-04
ORD2944,CUST988,2028-04-28,canceled,Central,Tamil Nadu,Sports,PROD4520,1,4476,15,Net Banking,4476,1119.0,2028-04
ORD2945,CUST838,2028-04-29,shipped,North,Uttar Pradesh,Fashion,PROD7206,4,4976,15,Cash on Delivery,19904,4976.0,2028-04
ORD2946,CUST152,2028-04-30,delivered,East,Delhi,Books,PROD1534,1,1024,0,Net Banking,1024,102.4,2028-04
ORD2947,CUST394,2028-05-01,canceled,West,Tamil Nadu,Electronics,PROD3458,2,4032,10,UPI,8064,1612.8000000000002,2028-05
ORD2948,CUST714,2028-05-02,processing,South,Karnataka,Sports,PROD7243,4,899,5,Net Banking,3596,539.4000000000001,2028-05
ORD2949,CUST419,2028-05-03,delivered,North,Uttar Pradesh,Home & Kitchen,PROD2285,3,1580,5,UPI,4740,711.0000000000001,2028-05
ORD2950,CUST460,2028-05-04,canceled,East,West Bengal,Fashion,PROD2266,4,4096,0,Credit Card,16384,1638.4,2028-05
ORD2951,CUST206,2028-05-05,shipped,East,West Bengal,Home & Kitchen,PROD4679,3,1873,5,Cash on Delivery,5619,842.8500000000001,2028-05
ORD2952,CUST691,2028-05-06,shipped,Central,Delhi,Beauty,PROD9249,3,2927,0,Credit Card,8781,878.1,2028-05
ORD2953,CUST619,2028-05-07,delivered,West,Maharashtra,Sports,PROD9982,4,3356,20,Debit Card,13424,4027.2000000000007,2028-05
ORD2954,CUST317,2028-05-08,canceled,Central,Maharashtra,Books,PROD7849,3,3588,15,Credit Card,10764,2691.0,2028-05
ORD2955,CUST258,2028-05-09,canceled,South,Delhi,Electronics,PROD9830,1,4507,10,UPI,4507,901.4000000000001,2028-05
ORD2956,CUST772,2028-05-10,delivered,South,Tamil Nadu,Home & Kitchen,PROD2986,2,583,15,Cash on Delivery,1166,291.5,2028-05
ORD2957,CUST593,2028-05-11,delivered,Central,Gujarat,Electronics,PROD9646,3,541,15,Cash on Delivery,1623,405.75,2028-05
ORD2958,CUST329,2028-05-12,delivered,North,Karnataka,Sports,PROD1842,1,2187,20,Cash on Delivery,2187,656.1000000000001,2028-05
ORD2959,CUST967,2028-05-13,processing,North,West Bengal,Sports,PROD8738,3,4259,5,Debit Card,12777,1916.5500000000002,2028-05
ORD2960,CUST210,2028-05-14,processing,Central,Delhi,Fashion,PROD9592,2,3309,10,UPI,6618,1323.6000000000001,2028-05
ORD2961,CUST458,2028-05-15,processing,Central,West Bengal,Beauty,PROD9525,1,4282,5,Credit Card,4282,642.3000000000001,2028-05
ORD2962,CUST965,2028-05-16,shipped,North,Tamil Nadu,Beauty,PROD8225,2,4715,15,Cash on Delivery,9430,2357.5,2028-05
ORD2963,CUST669,2028-05-17,processing,West,West Bengal,Home & Kitchen,PROD6192,2,2998,0,Credit Card,5996,599.6,2028-05
ORD2964,CUST476,2028-05-18,processing,Central,Delhi,Home & Kitchen,PROD5410,1,3440,15,Credit Card,3440,860.0,2028-05
ORD2965,CUST217,2028-05-19,processing,East,West Bengal,Books,PROD4195,1,2188,5,UPI,2188,328.20000000000005,2028-05
ORD2966,CUST880,2028-05-20,canceled,West,Delhi,Fashion,PROD5801,1,3614,15,Net Banking,3614,903.5,2028-05
ORD2967,CUST385,2028-05-21,returned,Central,West Bengal,Sports,PROD4998,4,2049,0,Debit Card,8196,819.6,2028-05
ORD2968,CUST687,2028-05-22,processing,East,Uttar Pradesh,Books,PROD6385,1,505,20,UPI,505,151.50000000000003,2028-05
ORD2969,CUST331,2028-05-23,delivered,East,Karnataka,Sports,PROD4982,1,3813,5,Cash on Delivery,3813,571.95,2028-05
ORD2970,CUST926,2028-05-24,processing,Central,Maharashtra,Sports,PROD6930,1,2949,15,Credit Card,2949,737.25,2028-05
ORD2971,CUST539,2028-05-25,returned,Central,Maharashtra,Fashion,PROD4782,1,1335,5,Net Banking,1335,200.25000000000003,2028-05
ORD2972,CUST965,2028-05-26,shipped,Central,Uttar Pradesh,Electronics,PROD8468,3,405,20,Cash on Delivery,1215,364.50000000000006,2028-05
ORD2973,CUST674,2028-05-27,shipped,East,Maharashtra,Beauty,PROD6157,4,4791,15,Cash on Delivery,19164,4791.0,2028-05
ORD2974,CUST885,2028-05-28,processing,South,Maharashtra,Electronics,PROD2890,2,3650,15,Debit Card,7300,1825.0,2028-05
ORD2975,CUST938,2028-05-29,delivered,Central,Karnataka,Sports,PROD4949,1,4011,5,Cash on Delivery,4011,601.6500000000001,2028-05
ORD2976,CUST736,2028-05-30,delivered,Central,Tamil Nadu,Beauty,PROD8291,3,3822,5,UPI,11466,1719.9000000000003,2028-05
ORD2977,CUST728,2028-05-31,canceled,West,Delhi,Home & Kitchen,PROD7716,3,3799,0,Credit Card,11397,1139.7,2028-05
ORD2978,CUST791,2028-06-01,delivered,Central,Karnataka,Fashion,PROD6929,3,2751,20,Debit Card,8253,2475.9000000000005,2028-06
ORD2979,CUST758,2028-06-02,canceled,West,Uttar Pradesh,Home & Kitchen,PROD2305,2,4508,0,Credit Card,9016,901.6,2028-06
ORD2980,CUST670,2028-06-03,canceled,West,West Bengal,Fashion,PROD6766,1,509,15,Net Banking,509,127.25,2028-06
ORD2981,CUST126,2028-06-04,delivered,South,Gujarat,Beauty,PROD9284,4,2908,5,Debit Card,11632,1744.8000000000002,2028-06
ORD2982,CUST723,2028-06-05,delivered,Central,Uttar Pradesh,Books,PROD2252,4,2191,15,Debit Card,8764,2191.0,2028-06
ORD2983,CUST773,2028-06-06,canceled,South,West Bengal,Beauty,PROD6935,3,471,15,UPI,1413,353.25,2028-06
ORD2984,CUST949,2028-06-07,shipped,East,West Bengal,Fashion,PROD8932,2,3842,10,Credit Card,7684,1536.8000000000002,2028-06
ORD2985,CUST810,2028-06-08,processing,South,Gujarat,Sports,PROD4774,2,4286,10,Debit Card,8572,1714.4,2028-06
ORD2986,CUST373,2028-06-09,shipped,North,Maharashtra,Home & Kitchen,PROD8355,2,2022,15,Net Banking,4044,1011.0,2028-06
ORD2987,CUST129,2028-06-10,delivered,North,Maharashtra,Fashion,PROD7862,4,3473,5,Debit Card,13892,2083.8,2028-06
ORD2988,CUST284,2028-06-11,returned,North,Karnataka,Books,PROD4764,3,4738,15,Cash on Delivery,14214,3553.5,2028-06
ORD2989,CUST379,2028-06-12,delivered,West,Uttar Pradesh,Books,PROD3052,1,4549,10,Cash on Delivery,4549,909.8000000000001,2028-06
ORD2990,CUST819,2028-06-13,canceled,North,Uttar Pradesh,Books,PROD9808,4,720,5,Credit Card,2880,432.00000000000006,2028-06
ORD2991,CUST880,2028-06-14,returned,South,Delhi,Electronics,PROD5013,3,1176,15,Credit Card,3528,882.0,2028-06
ORD2992,CUST416,2028-06-15,returned,Central,Karnataka,Sports,PROD7678,3,3922,20,Net Banking,11766,3529.8000000000006,2028-06
ORD2993,CUST447,2028-06-16,processing,West,Delhi,Home & Kitchen,PROD3263,1,3751,20,Debit Card,3751,1125.3000000000002,2028-06
ORD2994,CUST459,2028-06-17,delivered,West,West Bengal,Home & Kitchen,PROD5264,1,4305,15,Credit Card,4305,1076.25,2028-06
ORD2995,CUST106,2028-06-18,processing,North,Karnataka,Sports,PROD5700,1,2973,5,UPI,2973,445.95000000000005,2028-06
ORD2996,CUST285,2028-06-19,shipped,East,Tamil Nadu,Books,PROD6596,2,2752,15,Credit Card,5504,1376.0,2028-06
ORD2997,CUST990,2028-06-20,returned,East,Uttar Pradesh,Electronics,PROD6142,1,3032,15,Debit Card,3032,758.0,2028-06
ORD2998,CUST246,2028-06-21,processing,Central,Maharashtra,Home & Kitchen,PROD2932,3,4107,10,UPI,12321,2464.2000000000003,2028-06
ORD2999,CUST679,2028-06-22,shipped,South,Uttar Pradesh,Books,PROD2335,1,352,20,Debit Card,352,105.60000000000002,2028-06
ORD3000,CUST773,2028-06-23,delivered,North,Tamil Nadu,Sports,PROD7692,3,3164,10,Net Banking,9492,1898.4,2028-06
ORD3001,CUST510,2028-06-24,delivered,South,Karnataka,Beauty,PROD7898,4,3116,10,Debit Card,12464,2492.8,2028-06
ORD3002,CUST171,2028-06-25,canceled,East,Tamil Nadu,Books,PROD9274,2,3000,15,UPI,6000,1500.0,2028-06
ORD3003,CUST245,2028-06-26,shipped,East,Uttar Pradesh,Fashion,PROD3431,4,1952,10,Net Banking,7808,1561.6000000000001,2028-06
ORD3004,CUST858,2028-06-27,shipped,North,Delhi,Beauty,PROD9096,4,2810,20,Credit Card,11240,3372.0000000000005,2028-06
ORD3005,CUST748,2028-06-28,processing,East,Karnataka,Home & Kitchen,PROD4245,3,4075,10,Debit Card,12225,2445.0,2028-06
ORD3006,CUST131,2028-06-29,returned,East,Delhi,Books,PROD3947,4,1304,20,Debit Card,5216,1564.8000000000002,2028-06
ORD3007,CUST193,2028-06-30,returned,Central,Tamil Nadu,Beauty,PROD8439,3,2736,10,Cash on Delivery,8208,1641.6000000000001,2028-06
ORD3008,CUST864,2028-07-01,canceled,Central,Maharashtra,Electronics,PROD1254,1,4399,20,Debit Card,4399,1319.7000000000003,2028-07
ORD3009,CUST643,2028-07-02,canceled,East,Karnataka,Home & Kitchen,PROD3732,1,4054,10,Cash on Delivery,4054,810.8000000000001,2028-07
ORD3010,CUST320,2028-07-03,canceled,North,West Bengal,Fashion,PROD2979,3,3694,10,UPI,11082,2216.4,2028-07
ORD3011,CUST485,2028-07-04,shipped,North,Uttar Pradesh,Books,PROD7858,1,2114,5,Net Banking,2114,317.1,2028-07
ORD3012,CUST529,2028-07-05,delivered,East,Delhi,Fashion,PROD5315,2,3272,20,Cash on Delivery,6544,1963.2000000000003,2028-07
ORD3013,CUST564,2028-07-06,delivered,East,Tamil Nadu,Books,PROD8698,4,1206,20,UPI,4824,1447.2000000000003,2028-07
ORD3014,CUST449,2028-07-07,processing,West,Karnataka,Fashion,PROD2654,2,606,20,Debit Card,1212,363.6000000000001,2028-07
ORD3015,CUST261,2028-07-08,returned,Central,Maharashtra,Books,PROD3070,4,366,0,UPI,1464,146.4,2028-07
ORD3016,CUST478,2028-07-09,returned,Central,Karnataka,Books,PROD1558,1,708,10,Net Banking,708,141.6,2028-07
ORD3017,CUST419,2028-07-10,processing,North,Maharashtra,Electronics,PROD8068,2,1861,20,Credit Card,3722,1116.6000000000001,2028-07
ORD3018,CUST838,2028-07-11,shipped,South,Tamil Nadu,Fashion,PROD1392,1,3864,0,Net Banking,3864,386.40000000000003,2028-07
ORD3019,CUST432,2028-07-12,delivered,South,Delhi,Beauty,PROD3735,4,3689,5,Net Banking,14756,2213.4000000000005,2028-07
ORD3020,CUST895,2028-07-13,canceled,East,Gujarat,Books,PROD2196,3,880,20,Net Banking,2640,792.0000000000001,2028-07
ORD3021,CUST681,2028-07-14,delivered,East,Gujarat,Beauty,PROD3168,3,2724,20,UPI,8172,2451.6000000000004,2028-07
ORD3022,CUST710,2028-07-15,processing,West,Karnataka,Home & Kitchen,PROD9436,2,2320,0,Debit Card,4640,464.0,2028-07
ORD3023,CUST186,2028-07-16,delivered,West,West Bengal,Books,PROD9672,1,4877,10,Net Banking,4877,975.4000000000001,2028-07
ORD3024,CUST153,2028-07-17,canceled,North,Karnataka,Fashion,PROD7358,1,4557,5,UPI,4557,683.5500000000001,2028-07
ORD3025,CUST259,2028-07-18,returned,South,Delhi,Electronics,PROD7919,2,1563,20,Cash on Delivery,3126,937.8000000000002,2028-07
ORD3026,CUST261,2028-07-19,processing,West,Karnataka,Sports,PROD6805,3,1531,10,Credit Card,4593,918.6,2028-07
ORD3027,CUST872,2028-07-20,shipped,South,Karnataka,Beauty,PROD3088,4,2492,5,Net Banking,9968,1495.2000000000003,2028-07
ORD3028,CUST732,2028-07-21,delivered,West,Uttar Pradesh,Home & Kitchen,PROD7591,2,1738,15,Credit Card,3476,869.0,2028-07
ORD3029,CUST150,2028-07-22,delivered,Central,Gujarat,Beauty,PROD4955,4,3608,15,Net Banking,14432,3608.0,2028-07
ORD3030,CUST790,2028-07-23,shipped,East,Gujarat,Books,PROD5806,3,760,5,Debit Card,2280,342.00000000000006,2028-07
ORD3031,CUST183,2028-07-24,shipped,West,Karnataka,Beauty,PROD2950,1,1299,0,Debit Card,1299,129.9,2028-07
ORD3032,CUST378,2028-07-25,canceled,West,Uttar Pradesh,Home & Kitchen,PROD6518,3,2103,5,Credit Card,6309,946.3500000000001,2028-07
ORD3033,CUST553,2028-07-26,delivered,North,Karnataka,Beauty,PROD6515,2,374,5,Credit Card,748,112.20000000000002,2028-07
ORD3034,CUST777,2028-07-27,processing,Central,Delhi,Beauty,PROD2765,1,2356,0,Credit Card,2356,235.60000000000002,2028-07
ORD3035,CUST534,2028-07-28,delivered,East,Tamil Nadu,Electronics,PROD1741,2,2430,0,Debit Card,4860,486.0,2028-07
ORD3036,CUST597,2028-07-29,canceled,Central,Karnataka,Sports,PROD2208,2,4487,10,Net Banking,8974,1794.8000000000002,2028-07
ORD3037,CUST721,2028-07-30,processing,East,West Bengal,Books,PROD6815,3,4360,10,Credit Card,13080,2616.0,2028-07
ORD3038,CUST552,2028-07-31,processing,Central,Delhi,Home & Kitchen,PROD8354,2,4120,0,Debit Card,8240,824.0,2028-07
ORD3039,CUST524,2028-08-01,processing,Central,Gujarat,Home & Kitchen,PROD7699,3,1697,15,Cash on Delivery,5091,1272.75,2028-08
ORD3040,CUST379,2028-08-02,canceled,North,Tamil Nadu,Books,PROD8368,1,4054,15,UPI,4054,1013.5,2028-08
ORD3041,CUST320,2028-08-03,delivered,South,Uttar Pradesh,Fashion,PROD8138,3,3371,5,Debit Card,10113,1516.9500000000003,2028-08
ORD3042,CUST873,2028-08-04,returned,Central,Gujarat,Books,PROD5739,1,1767,20,UPI,1767,530.1,2028-08
ORD3043,CUST624,2028-08-05,processing,East,West Bengal,Sports,PROD8816,3,1351,5,Net Banking,4053,607.95,2028-08
ORD3044,CUST216,2028-08-06,shipped,East,West Bengal,Beauty,PROD3205,4,568,5,UPI,2272,340.80000000000007,2028-08
ORD3045,CUST453,2028-08-07,canceled,North,Gujarat,Electronics,PROD4005,4,242,20,Cash on Delivery,968,290.40000000000003,2028-08
ORD3046,CUST540,2028-08-08,processing,South,Delhi,Fashion,PROD9345,2,2107,0,UPI,4214,421.40000000000003,2028-08
ORD3047,CUST213,2028-08-09,canceled,East,Maharashtra,Home & Kitchen,PROD2372,3,3690,15,UPI,11070,2767.5,2028-08
ORD3048,CUST390,2028-08-10,shipped,North,Tamil Nadu,Sports,PROD3494,3,2735,5,Cash on Delivery,8205,1230.7500000000002,2028-08
ORD3049,CUST794,2028-08-11,processing,East,Tamil Nadu,Electronics,PROD1127,1,4373,20,UPI,4373,1311.9,2028-08
ORD3050,CUST794,2028-08-12,delivered,West,Maharashtra,Books,PROD7060,2,3073,10,Credit Card,6146,1229.2,2028-08
ORD3051,CUST707,2028-08-13,canceled,Central,Tamil Nadu,Home & Kitchen,PROD8430,3,2024,5,Credit Card,6072,910.8000000000002,2028-08
ORD3052,CUST598,2028-08-14,processing,South,Tamil Nadu,Beauty,PROD7215,2,1493,15,Net Banking,2986,746.5,2028-08
ORD3053,CUST639,2028-08-15,processing,Central,Maharashtra,Books,PROD6250,4,4969,0,Debit Card,19876,1987.6000000000001,2028-08
ORD3054,CUST783,2028-08-16,canceled,Central,Delhi,Fashion,PROD8185,3,4996,5,Credit Card,14988,2248.2000000000003,2028-08
ORD3055,CUST415,2028-08-17,shipped,West,Karnataka,Sports,PROD3895,3,3586,5,Cash on Delivery,10758,1613.7000000000003,2028-08
ORD3056,CUST146,2028-08-18,canceled,South,Tamil Nadu,Fashion,PROD9334,2,3172,20,Net Banking,6344,1903.2000000000003,2028-08
ORD3057,CUST325,2028-08-19,returned,Central,West Bengal,Beauty,PROD5576,3,4122,10,Debit Card,12366,2473.2000000000003,2028-08
ORD3058,CUST504,2028-08-20,delivered,North,Delhi,Books,PROD2587,2,1192,10,Debit Card,2384,476.8,2028-08
ORD3059,CUST713,2028-08-21,shipped,East,Delhi,Beauty,PROD4805,3,2586,0,Cash on Delivery,7758,775.8000000000001,2028-08
ORD3060,CUST156,2028-08-22,delivered,East,Maharashtra,Home & Kitchen,PROD5871,1,2440,15,Credit Card,2440,610.0,2028-08
ORD3061,CUST107,2028-08-23,delivered,North,Delhi,Fashion,PROD9082,2,1676,0,Net Banking,3352,335.20000000000005,2028-08
ORD3062,CUST309,2028-08-24,canceled,East,Maharashtra,Fashion,PROD6588,3,3607,5,Net Banking,10821,1623.1500000000003,2028-08
ORD3063,CUST408,2028-08-25,returned,West,Delhi,Fashion,PROD1791,4,589,5,Credit Card,2356,353.40000000000003,2028-08
ORD3064,CUST316,2028-08-26,processing,North,Karnataka,Books,PROD9481,3,1199,10,Credit Card,3597,719.4000000000001,2028-08
ORD3065,CUST885,2028-08-27,returned,West,West Bengal,Fashion,PROD9604,4,4820,15,Debit Card,19280,4820.0,2028-08
ORD3066,CUST240,2028-08-28,shipped,South,Uttar Pradesh,Books,PROD9326,4,2055,20,Credit Card,8220,2466.0000000000005,2028-08
ORD3067,CUST882,2028-08-29,returned,East,Delhi,Books,PROD7990,1,858,15,Net Banking,858,214.5,2028-08
ORD3068,CUST361,2028-08-30,delivered,West,Delhi,Electronics,PROD5673,2,2963,5,Debit Card,5926,888.9000000000001,2028-08
ORD3069,CUST396,2028-08-31,processing,East,Delhi,Home & Kitchen,PROD6288,3,3863,20,Credit Card,11589,3476.7000000000007,2028-08
ORD3070,CUST435,2028-09-01,returned,South,Maharashtra,Books,PROD7292,1,1681,15,Credit Card,1681,420.25,2028-09
ORD3071,CUST222,2028-09-02,processing,Central,Gujarat,Sports,PROD6219,3,3931,15,Debit Card,11793,2948.25,2028-09
ORD3072,CUST107,2028-09-03,returned,East,West Bengal,Electronics,PROD3923,4,651,20,Net Banking,2604,781.2000000000002,2028-09
ORD3073,CUST609,2028-09-04,processing,South,Gujarat,Books,PROD3346,2,2675,5,Cash on Delivery,5350,802.5000000000001,2028-09
ORD3074,CUST864,2028-09-05,returned,North,Tamil Nadu,Fashion,PROD1687,3,3422,15,UPI,10266,2566.5,2028-09
ORD3075,CUST540,2028-09-06,shipped,East,Maharashtra,Beauty,PROD4451,3,1737,20,Net Banking,5211,1563.3000000000002,2028-09
ORD3076,CUST279,2028-09-07,processing,North,Karnataka,Beauty,PROD8053,4,3293,5,Debit Card,13172,1975.8000000000002,2028-09
ORD3077,CUST232,2028-09-08,canceled,South,Maharashtra,Books,PROD9505,3,1082,20,Net Banking,3246,973.8000000000002,2028-09
ORD3078,CUST489,2028-09-09,delivered,North,Tamil Nadu,Fashion,PROD5558,3,4608,20,Cash on Delivery,13824,4147.200000000001,2028-09
ORD3079,CUST645,2028-09-10,processing,West,Gujarat,Electronics,PROD6150,4,4268,15,Credit Card,17072,4268.0,2028-09
ORD3080,CUST820,2028-09-11,delivered,Central,Karnataka,Electronics,PROD2629,1,2766,5,Cash on Delivery,2766,414.90000000000003,2028-09
ORD3081,CUST335,2028-09-12,returned,North,Tamil Nadu,Home & Kitchen,PROD6690,4,3477,15,Debit Card,13908,3477.0,2028-09
ORD3082,CUST612,2028-09-13,returned,West,Gujarat,Beauty,PROD5666,1,574,0,Debit Card,574,57.400000000000006,2028-09
ORD3083,CUST672,2028-09-14,returned,Central,Tamil Nadu,Fashion,PROD3713,2,4746,0,UPI,9492,949.2,2028-09
ORD3084,CUST953,2028-09-15,returned,South,West Bengal,Electronics,PROD2942,1,3897,5,Credit Card,3897,584.5500000000001,2028-09
ORD3085,CUST784,2028-09-16,returned,South,Uttar Pradesh,Electronics,PROD5716,1,3262,20,Cash on Delivery,3262,978.6000000000001,2028-09
ORD3086,CUST925,2028-09-17,shipped,East,Gujarat,Sports,PROD5486,2,4890,15,Credit Card,9780,2445.0,2028-09
ORD3087,CUST462,2028-09-18,delivered,West,Karnataka,Books,PROD8973,1,3450,15,Debit Card,3450,862.5,2028-09
ORD3088,CUST173,2028-09-19,processing,Central,Uttar Pradesh,Home & Kitchen,PROD8191,4,4795,5,UPI,19180,2877.0000000000005,2028-09
ORD3089,CUST506,2028-09-20,shipped,East,West Bengal,Sports,PROD4664,1,4759,5,UPI,4759,713.8500000000001,2028-09
ORD3090,CUST982,2028-09-21,shipped,East,Uttar Pradesh,Beauty,PROD3774,2,312,0,Debit Card,624,62.400000000000006,2028-09
ORD3091,CUST859,2028-09-22,shipped,South,Tamil Nadu,Fashion,PROD5726,4,3397,10,UPI,13588,2717.6000000000004,2028-09
ORD3092,CUST143,2028-09-23,shipped,North,Uttar Pradesh,Books,PROD5250,2,2578,5,Net Banking,5156,773.4000000000001,2028-09
ORD3093,CUST546,2028-09-24,shipped,Central,Maharashtra,Books,PROD2738,2,2124,10,Debit Card,4248,849.6,2028-09
ORD3094,CUST119,2028-09-25,delivered,South,Uttar Pradesh,Beauty,PROD4795,3,339,5,Credit Card,1017,152.55,2028-09
ORD3095,CUST570,2028-09-26,processing,South,Gujarat,Fashion,PROD5565,3,1624,20,Net Banking,4872,1461.6000000000001,2028-09
ORD3096,CUST179,2028-09-27,delivered,North,Uttar Pradesh,Electronics,PROD3310,2,3149,20,Net Banking,6298,1889.4000000000003,2028-09
ORD3097,CUST982,2028-09-28,processing,West,Tamil Nadu,Electronics,PROD2572,2,3368,0,Debit Card,6736,673.6,2028-09
ORD3098,CUST420,2028-09-29,shipped,West,Delhi,Fashion,PROD4388,2,716,0,UPI,1432,143.20000000000002,2028-09
ORD3099,CUST689,2028-09-30,shipped,Central,Maharashtra,Beauty,PROD9334,3,2816,10,Cash on Delivery,8448,1689.6000000000001,2028-09
ORD3100,CUST539,2028-10-01,returned,North,Tamil Nadu,Beauty,PROD3766,3,1087,5,Credit Card,3261,489.1500000000001,2028-10
ORD3101,CUST687,2028-10-02,canceled,North,Gujarat,Home & Kitchen,PROD1448,1,3304,15,Debit Card,3304,826.0,2028-10
ORD3102,CUST514,2028-10-03,canceled,East,Delhi,Books,PROD1651,1,249,0,Debit Card,249,24.900000000000002,2028-10
ORD3103,CUST826,2028-10-04,delivered,North,West Bengal,Sports,PROD9844,2,4151,15,Debit Card,8302,2075.5,2028-10
ORD3104,CUST755,2028-10-05,delivered,Central,Maharashtra,Fashion,PROD9813,4,3760,15,UPI,15040,3760.0,2028-10
ORD3105,CUST527,2028-10-06,processing,North,Karnataka,Books,PROD4197,4,218,5,Net Banking,872,130.8,2028-10
ORD3106,CUST396,2028-10-07,returned,East,Maharashtra,Books,PROD1109,3,1673,10,Credit Card,5019,1003.8000000000001,2028-10
ORD3107,CUST217,2028-10-08,processing,West,Karnataka,Beauty,PROD9001,3,4261,5,Net Banking,12783,1917.4500000000003,2028-10
ORD3108,CUST514,2028-10-09,returned,North,West Bengal,Books,PROD1422,3,2806,0,Credit Card,8418,841.8000000000001,2028-10
ORD3109,CUST121,2028-10-10,canceled,North,West Bengal,Books,PROD7054,2,651,15,Debit Card,1302,325.5,2028-10
ORD3110,CUST432,2028-10-11,canceled,Central,Maharashtra,Books,PROD4328,4,3965,5,Cash on Delivery,15860,2379.0000000000005,2028-10
ORD3111,CUST275,2028-10-12,returned,East,Delhi,Electronics,PROD5617,1,2638,5,Cash on Delivery,2638,395.70000000000005,2028-10
ORD3112,CUST920,2028-10-13,processing,North,Karnataka,Beauty,PROD7987,2,4510,5,UPI,9020,1353.0000000000002,2028-10
ORD3113,CUST732,2028-10-14,delivered,Central,Uttar Pradesh,Books,PROD8288,1,1749,0,Cash on Delivery,1749,174.9,2028-10
ORD3114,CUST571,2028-10-15,returned,East,Maharashtra,Beauty,PROD9534,1,3674,10,Debit Card,3674,734.8000000000001,2028-10
ORD3115,CUST951,2028-10-16,returned,South,Gujarat,Home & Kitchen,PROD3067,2,327,5,Debit Card,654,98.10000000000001,2028-10
ORD3116,CUST806,2028-10-17,returned,East,Karnataka,Books,PROD8435,1,2961,0,Cash on Delivery,2961,296.1,2028-10
ORD3117,CUST470,2028-10-18,processing,South,Tamil Nadu,Books,PROD5832,4,4656,15,UPI,18624,4656.0,2028-10
ORD3118,CUST190,2028-10-19,delivered,South,Maharashtra,Beauty,PROD2795,1,4864,20,Credit Card,4864,1459.2000000000003,2028-10
ORD3119,CUST547,2028-10-20,processing,East,Maharashtra,Home & Kitchen,PROD2965,4,1615,0,Credit Card,6460,646.0,2028-10
ORD3120,CUST964,2028-10-21,shipped,East,Delhi,Electronics,PROD8281,4,401,20,Credit Card,1604,481.20000000000005,2028-10
ORD3121,CUST208,2028-10-22,shipped,Central,Gujarat,Electronics,PROD8082,4,2569,5,Net Banking,10276,1541.4000000000003,2028-10
ORD3122,CUST349,2028-10-23,returned,East,West Bengal,Electronics,PROD9081,3,717,5,Cash on Delivery,2151,322.65000000000003,2028-10
ORD3123,CUST546,2028-10-24,returned,West,West Bengal,Electronics,PROD5309,1,1541,0,Cash on Delivery,1541,154.10000000000002,2028-10
ORD3124,CUST703,2028-10-25,returned,North,Delhi,Electronics,PROD2423,2,4976,20,Credit Card,9952,2985.6000000000004,2028-10
ORD3125,CUST510,2028-10-26,delivered,East,Delhi,Beauty,PROD3241,2,2188,5,Cash on Delivery,4376,656.4000000000001,2028-10
ORD3126,CUST636,2028-10-27,delivered,South,West Bengal,Books,PROD5562,1,3745,15,Debit Card,3745,936.25,2028-10
ORD3127,CUST180,2028-10-28,returned,South,Karnataka,Books,PROD2908,3,4720,10,UPI,14160,2832.0,2028-10
ORD3128,CUST505,2028-10-29,delivered,East,Uttar Pradesh,Sports,PROD6795,3,4002,10,UPI,12006,2401.2000000000003,2028-10
ORD3129,CUST991,2028-10-30,canceled,North,West Bengal,Fashion,PROD2295,4,3475,5,Credit Card,13900,2085.0000000000005,2028-10
ORD3130,CUST417,2028-10-31,returned,North,Maharashtra,Electronics,PROD4644,1,3854,20,Debit Card,3854,1156.2000000000003,2028-10
ORD3131,CUST863,2028-11-01,canceled,Central,Karnataka,Sports,PROD2218,1,2634,5,Credit Card,2634,395.1000000000001,2028-11
ORD3132,CUST447,2028-11-02,processing,Central,Maharashtra,Sports,PROD6359,2,407,20,Debit Card,814,244.20000000000005,2028-11
ORD3133,CUST326,2028-11-03,canceled,Central,West Bengal,Sports,PROD3567,1,2833,15,Credit Card,2833,708.25,2028-11
ORD3134,CUST441,2028-11-04,processing,North,Uttar Pradesh,Beauty,PROD9307,3,4317,20,Net Banking,12951,3885.3000000000006,2028-11
ORD3135,CUST897,2028-11-05,processing,South,Delhi,Home & Kitchen,PROD6494,1,353,5,Credit Card,353,52.95000000000001,2028-11
ORD3136,CUST272,2028-11-06,returned,Central,Karnataka,Books,PROD5523,2,3566,15,Cash on Delivery,7132,1783.0,2028-11
ORD3137,CUST178,2028-11-07,returned,East,West Bengal,Books,PROD8429,4,4514,0,Credit Card,18056,1805.6000000000001,2028-11
ORD3138,CUST622,2028-11-08,processing,Central,West Bengal,Electronics,PROD9402,2,4964,10,Net Banking,9928,1985.6000000000001,2028-11
ORD3139,CUST748,2028-11-09,delivered,East,Gujarat,Sports,PROD2213,2,1718,5,Cash on Delivery,3436,515.4000000000001,2028-11
ORD3140,CUST216,2028-11-10,shipped,East,Uttar Pradesh,Fashion,PROD6157,4,2800,5,Credit Card,11200,1680.0000000000002,2028-11
ORD3141,CUST643,2028-11-11,canceled,South,Tamil Nadu,Beauty,PROD1628,2,2395,5,Debit Card,4790,718.5000000000001,2028-11
ORD3142,CUST622,2028-11-12,processing,East,Tamil Nadu,Beauty,PROD8100,2,4698,15,Credit Card,9396,2349.0,2028-11
ORD3143,CUST298,2028-11-13,shipped,Central,Gujarat,Books,PROD2645,1,4891,0,Cash on Delivery,4891,489.1,2028-11
ORD3144,CUST894,2028-11-14,returned,South,Maharashtra,Books,PROD9540,1,3754,20,Cash on Delivery,3754,1126.2000000000003,2028-11
ORD3145,CUST457,2028-11-15,returned,South,Gujarat,Beauty,PROD6202,4,2614,0,Credit Card,10456,1045.6000000000001,2028-11
ORD3146,CUST459,2028-11-16,processing,North,West Bengal,Home & Kitchen,PROD4119,1,3049,15,Credit Card,3049,762.25,2028-11
ORD3147,CUST844,2028-11-17,delivered,East,Karnataka,Sports,PROD1583,1,1942,5,Net Banking,1942,291.30000000000007,2028-11
ORD3148,CUST938,2028-11-18,processing,Central,Karnataka,Fashion,PROD1130,2,1506,10,Cash on Delivery,3012,602.4,2028-11
ORD3149,CUST760,2028-11-19,canceled,East,Gujarat,Electronics,PROD5029,3,4049,5,Net Banking,12147,1822.0500000000002,2028-11
ORD3150,CUST934,2028-11-20,shipped,Central,Maharashtra,Home & Kitchen,PROD3242,1,4368,20,UPI,4368,1310.4,2028-11
ORD3151,CUST251,2028-11-21,delivered,West,West Bengal,Electronics,PROD7163,3,4776,10,Cash on Delivery,14328,2865.6000000000004,2028-11
ORD3152,CUST341,2028-11-22,processing,North,Maharashtra,Books,PROD4607,1,4855,5,Net Banking,4855,728.2500000000001,2028-11
ORD3153,CUST205,2028-11-23,canceled,South,Uttar Pradesh,Sports,PROD4205,1,4395,10,Net Banking,4395,879.0,2028-11
ORD3154,CUST249,2028-11-24,canceled,North,Uttar Pradesh,Fashion,PROD5346,4,2755,0,Debit Card,11020,1102.0,2028-11
ORD3155,CUST362,2028-11-25,delivered,West,Delhi,Beauty,PROD8702,4,2505,15,Net Banking,10020,2505.0,2028-11
ORD3156,CUST302,2028-11-26,canceled,North,Maharashtra,Books,PROD3481,4,4708,5,Cash on Delivery,18832,2824.8000000000006,2028-11
ORD3157,CUST277,2028-11-27,canceled,North,Delhi,Electronics,PROD8938,3,1288,20,UPI,3864,1159.2000000000003,2028-11
ORD3158,CUST716,2028-11-28,canceled,West,Karnataka,Beauty,PROD4065,2,2842,0,UPI,5684,568.4,2028-11
ORD3159,CUST256,2028-11-29,canceled,North,Tamil Nadu,Sports,PROD9138,1,1377,5,Net Banking,1377,206.55000000000004,2028-11
ORD3160,CUST878,2028-11-30,processing,North,Tamil Nadu,Sports,PROD5630,1,4957,0,Net Banking,4957,495.70000000000005,2028-11
ORD3161,CUST877,2028-12-01,delivered,West,Gujarat,Sports,PROD3159,1,3194,20,Debit Card,3194,958.2000000000002,2028-12
ORD3162,CUST771,2028-12-02,shipped,West,Gujarat,Beauty,PROD4253,3,759,5,Net Banking,2277,341.55000000000007,2028-12
ORD3163,CUST177,2028-12-03,shipped,South,Delhi,Electronics,PROD2453,4,3164,20,Cash on Delivery,12656,3796.8000000000006,2028-12
ORD3164,CUST281,2028-12-04,canceled,Central,Maharashtra,Sports,PROD9459,2,1471,10,UPI,2942,588.4,2028-12
ORD3165,CUST891,2028-12-05,processing,Central,Maharashtra,Sports,PROD4509,3,2013,20,Debit Card,6039,1811.7000000000003,2028-12
ORD3166,CUST743,2028-12-06,canceled,West,Gujarat,Sports,PROD1052,4,3115,10,Debit Card,12460,2492.0,2028-12
ORD3167,CUST605,2028-12-07,canceled,Central,Tamil Nadu,Books,PROD8115,3,809,5,UPI,2427,364.05000000000007,2028-12
ORD3168,CUST575,2028-12-08,processing,East,Tamil Nadu,Books,PROD2102,2,2661,10,Debit Card,5322,1064.4,2028-12
ORD3169,CUST872,2028-12-09,returned,East,Delhi,Electronics,PROD9039,4,4320,5,Net Banking,17280,2592.0000000000005,2028-12
ORD3170,CUST677,2028-12-10,delivered,East,Gujarat,Fashion,PROD4416,3,483,5,UPI,1449,217.35000000000002,2028-12
ORD3171,CUST878,2028-12-11,shipped,South,Delhi,Books,PROD3918,2,3128,15,Debit Card,6256,1564.0,2028-12
ORD3172,CUST693,2028-12-12,processing,Central,Karnataka,Electronics,PROD1635,1,4596,5,UPI,4596,689.4000000000001,2028-12
ORD3173,CUST559,2028-12-13,shipped,North,West Bengal,Fashion,PROD7851,2,1291,10,Credit Card,2582,516.4,2028-12
ORD3174,CUST797,2028-12-14,processing,West,Gujarat,Sports,PROD5310,1,1016,15,Net Banking,1016,254.0,2028-12
ORD3175,CUST678,2028-12-15,processing,Central,West Bengal,Books,PROD7230,3,282,15,UPI,846,211.5,2028-12
ORD3176,CUST758,2028-12-16,returned,South,Tamil Nadu,Fashion,PROD4845,4,2120,5,Debit Card,8480,1272.0000000000002,2028-12
ORD3177,CUST750,2028-12-17,canceled,North,Maharashtra,Electronics,PROD6713,4,3691,20,Credit Card,14764,4429.200000000001,2028-12
ORD3178,CUST739,2028-12-18,delivered,West,Karnataka,Sports,PROD8933,3,3344,20,Net Banking,10032,3009.6000000000004,2028-12
ORD3179,CUST430,2028-12-19,returned,North,Delhi,Beauty,PROD9691,4,2293,15,Net Banking,9172,2293.0,2028-12
ORD3180,CUST984,2028-12-20,shipped,West,Gujarat,Home & Kitchen,PROD3950,4,4913,5,Cash on Delivery,19652,2947.8000000000006,2028-12
ORD3181,CUST742,2028-12-21,delivered,East,Delhi,Electronics,PROD5916,1,375,20,Debit Card,375,112.50000000000001,2028-12
ORD3182,CUST423,2028-12-22,canceled,West,West Bengal,Electronics,PROD4799,3,2904,5,Net Banking,8712,1306.8000000000002,2028-12
ORD3183,CUST254,2028-12-23,returned,West,Gujarat,Fashion,PROD5786,2,569,5,Debit Card,1138,170.70000000000002,2028-12
ORD3184,CUST550,2028-12-24,processing,South,Karnataka,Sports,PROD8947,1,2018,15,UPI,2018,504.5,2028-12
ORD3185,CUST169,2028-12-25,shipped,South,West Bengal,Fashion,PROD9031,3,2301,15,Debit Card,6903,1725.75,2028-12
ORD3186,CUST580,2028-12-26,returned,South,Uttar Pradesh,Books,PROD7425,1,4985,0,Net Banking,4985,498.5,2028-12
ORD3187,CUST552,2028-12-27,returned,Central,Tamil Nadu,Fashion,PROD6851,2,3690,20,Net Banking,7380,2214.0000000000005,2028-12
ORD3188,CUST746,2028-12-28,delivered,East,Karnataka,Electronics,PROD9903,2,1979,20,Net Banking,3958,1187.4,2028-12
ORD3189,CUST410,2028-12-29,shipped,East,West Bengal,Sports,PROD8880,3,1564,20,Net Banking,4692,1407.6000000000001,2028-12
ORD3190,CUST915,2028-12-30,shipped,West,Maharashtra,Home & Kitchen,PROD5840,2,4662,10,Net Banking,9324,1864.8000000000002,2028-12
ORD3191,CUST381,2028-12-31,shipped,South,Gujarat,Electronics,PROD2581,1,3542,5,Net Banking,3542,531.3000000000001,2028-12
ORD3192,CUST705,2029-01-01,delivered,East,Karnataka,Electronics,PROD4586,2,4939,15,Net Banking,9878,2469.5,2029-01
ORD3193,CUST157,2029-01-02,shipped,East,Uttar Pradesh,Electronics,PROD2841,1,3876,20,Net Banking,3876,1162.8000000000002,2029-01
ORD3194,CUST460,2029-01-03,delivered,West,Tamil Nadu,Sports,PROD5706,1,2626,0,UPI,2626,262.6,2029-01
ORD3195,CUST619,2029-01-04,processing,West,Delhi,Home & Kitchen,PROD7874,2,272,20,UPI,544,163.20000000000002,2029-01
ORD3196,CUST175,2029-01-05,delivered,North,Delhi,Home & Kitchen,PROD8326,3,3162,5,UPI,9486,1422.9000000000003,2029-01
ORD3197,CUST417,2029-01-06,canceled,North,Delhi,Sports,PROD6331,4,1059,5,Net Banking,4236,635.4000000000001,2029-01
ORD3198,CUST572,2029-01-07,shipped,West,Delhi,Fashion,PROD5053,2,4056,15,Debit Card,8112,2028.0,2029-01
ORD3199,CUST562,2029-01-08,canceled,North,Karnataka,Beauty,PROD7960,1,4338,10,Cash on Delivery,4338,867.6,2029-01
ORD3200,CUST138,2029-01-09,canceled,East,Uttar Pradesh,Books,PROD2897,1,2624,15,Debit Card,2624,656.0,2029-01
ORD3201,CUST158,2029-01-10,processing,West,Uttar Pradesh,Electronics,PROD3886,2,1264,20,Debit Card,2528,758.4000000000001,2029-01
ORD3202,CUST477,2029-01-11,returned,West,Delhi,Fashion,PROD8614,3,2417,0,Debit Card,7251,725.1,2029-01
ORD3203,CUST951,2029-01-12,processing,South,Maharashtra,Home & Kitchen,PROD6224,3,4217,15,Debit Card,12651,3162.75,2029-01
ORD3204,CUST393,2029-01-13,delivered,East,Gujarat,Electronics,PROD2860,1,2459,10,Cash on Delivery,2459,491.8,2029-01
ORD3205,CUST178,2029-01-14,delivered,East,Delhi,Sports,PROD6694,1,3951,15,Debit Card,3951,987.75,2029-01
ORD3206,CUST760,2029-01-15,shipped,Central,Gujarat,Home & Kitchen,PROD7522,3,2286,5,Cash on Delivery,6858,1028.7,2029-01
ORD3207,CUST984,2029-01-16,canceled,Central,Karnataka,Books,PROD3098,4,568,20,UPI,2272,681.6000000000001,2029-01
ORD3208,CUST975,2029-01-17,processing,South,Uttar Pradesh,Sports,PROD8925,2,3004,20,Net Banking,6008,1802.4000000000003,2029-01
ORD3209,CUST192,2029-01-18,returned,Central,Tamil Nadu,Beauty,PROD9014,1,350,20,Cash on Delivery,350,105.00000000000001,2029-01
ORD3210,CUST729,2029-01-19,processing,North,Delhi,Fashion,PROD7750,1,1334,20,Net Banking,1334,400.20000000000005,2029-01
ORD3211,CUST708,2029-01-20,shipped,West,West Bengal,Sports,PROD4847,3,2984,20,UPI,8952,2685.6000000000004,2029-01
ORD3212,CUST619,2029-01-21,processing,North,Delhi,Beauty,PROD1474,2,4364,20,UPI,8728,2618.4000000000005,2029-01
ORD3213,CUST493,2029-01-22,returned,East,Maharashtra,Books,PROD5766,3,2546,0,Debit Card,7638,763.8000000000001,2029-01
ORD3214,CUST573,2029-01-23,returned,Central,Maharashtra,Home & Kitchen,PROD5389,2,2450,10,Net Banking,4900,980.0,2029-01
ORD3215,CUST694,2029-01-24,canceled,North,Uttar Pradesh,Sports,PROD9314,2,260,20,Debit Card,520,156.00000000000003,2029-01
ORD3216,CUST667,2029-01-25,canceled,East,Karnataka,Home & Kitchen,PROD4524,2,3210,10,Net Banking,6420,1284.0,2029-01
ORD3217,CUST910,2029-01-26,shipped,Central,Delhi,Sports,PROD7701,1,4101,20,Credit Card,4101,1230.3000000000002,2029-01
ORD3218,CUST856,2029-01-27,canceled,West,West Bengal,Sports,PROD1996,4,1537,15,Cash on Delivery,6148,1537.0,2029-01
ORD3219,CUST142,2029-01-28,delivered,West,Tamil Nadu,Sports,PROD6295,3,1384,20,Net Banking,4152,1245.6000000000001,2029-01
ORD3220,CUST560,2029-01-29,canceled,Central,West Bengal,Fashion,PROD5286,4,4626,5,UPI,18504,2775.6000000000004,2029-01
ORD3221,CUST929,2029-01-30,delivered,West,West Bengal,Books,PROD6203,3,1751,0,Cash on Delivery,5253,525.3000000000001,2029-01
ORD3222,CUST685,2029-01-31,processing,South,West Bengal,Electronics,PROD7737,2,4633,15,Net Banking,9266,2316.5,2029-01
ORD3223,CUST767,2029-02-01,delivered,Central,Tamil Nadu,Books,PROD7412,1,1829,15,Credit Card,1829,457.25,2029-02
ORD3224,CUST292,2029-02-02,shipped,South,Delhi,Electronics,PROD8240,4,1527,5,Debit Card,6108,916.2000000000002,2029-02
ORD3225,CUST429,2029-02-03,returned,Central,Uttar Pradesh,Fashion,PROD7966,1,1726,20,Debit Card,1726,517.8000000000001,2029-02
ORD3226,CUST719,2029-02-04,shipped,South,West Bengal,Electronics,PROD7531,3,1873,0,UPI,5619,561.9,2029-02
ORD3227,CUST587,2029-02-05,shipped,West,West Bengal,Fashion,PROD5271,1,1561,15,Cash on Delivery,1561,390.25,2029-02
ORD3228,CUST613,2029-02-06,shipped,West,Uttar Pradesh,Fashion,PROD1895,1,1773,0,Debit Card,1773,177.3,2029-02
ORD3229,CUST254,2029-02-07,shipped,North,Maharashtra,Home & Kitchen,PROD5396,4,2886,15,Net Banking,11544,2886.0,2029-02
ORD3230,CUST163,2029-02-08,canceled,East,Karnataka,Fashion,PROD8954,2,4570,20,Cash on Delivery,9140,2742.0000000000005,2029-02
ORD3231,CUST561,2029-02-09,processing,South,Delhi,Fashion,PROD4587,1,2566,15,Net Banking,2566,641.5,2029-02
ORD3232,CUST205,2029-02-10,returned,Central,Delhi,Sports,PROD6567,2,3957,15,Debit Card,7914,1978.5,2029-02
ORD3233,CUST930,2029-02-11,delivered,West,Maharashtra,Sports,PROD1747,3,2634,10,Net Banking,7902,1580.4,2029-02
ORD3234,CUST957,2029-02-12,delivered,West,Gujarat,Fashion,PROD6054,1,2193,20,Credit Card,2193,657.9000000000001,2029-02
ORD3235,CUST451,2029-02-13,processing,Central,Delhi,Sports,PROD8334,4,1069,5,Debit Card,4276,641.4000000000001,2029-02
ORD3236,CUST831,2029-02-14,shipped,East,Karnataka,Home & Kitchen,PROD7714,3,1214,5,Net Banking,3642,546.3000000000001,2029-02
ORD3237,CUST186,2029-02-15,shipped,Central,Tamil Nadu,Home & Kitchen,PROD4625,3,2111,20,Cash on Delivery,6333,1899.9000000000003,2029-02
ORD3238,CUST616,2029-02-16,returned,South,Tamil Nadu,Fashion,PROD3728,4,802,5,Debit Card,3208,481.20000000000005,2029-02
ORD3239,CUST761,2029-02-17,delivered,South,West Bengal,Books,PROD9782,1,4021,20,UPI,4021,1206.3000000000002,2029-02
ORD3240,CUST276,2029-02-18,shipped,North,Karnataka,Sports,PROD4378,1,890,5,Cash on Delivery,890,133.50000000000003,2029-02
ORD3241,CUST140,2029-02-19,canceled,Central,Gujarat,Beauty,PROD2807,3,693,10,Debit Card,2079,415.8,2029-02
ORD3242,CUST353,2029-02-20,returned,West,Tamil Nadu,Electronics,PROD6401,1,689,5,Net Banking,689,103.35000000000001,2029-02
ORD3243,CUST824,2029-02-21,canceled,North,Uttar Pradesh,Sports,PROD3117,2,2756,15,Cash on Delivery,5512,1378.0,2029-02
ORD3244,CUST548,2029-02-22,canceled,Central,Delhi,Home & Kitchen,PROD9843,4,4685,20,Debit Card,18740,5622.000000000001,2029-02
ORD3245,CUST549,2029-02-23,processing,Central,Karnataka,Home & Kitchen,PROD1326,2,494,0,Debit Card,988,98.80000000000001,2029-02
ORD3246,CUST636,2029-02-24,processing,West,Uttar Pradesh,Beauty,PROD1345,1,4227,0,Net Banking,4227,422.70000000000005,2029-02
ORD3247,CUST635,2029-02-25,canceled,East,Maharashtra,Books,PROD7212,3,3043,20,UPI,9129,2738.7000000000003,2029-02
ORD3248,CUST724,2029-02-26,processing,Central,Uttar Pradesh,Fashion,PROD2478,4,3112,10,Net Banking,12448,2489.6000000000004,2029-02
ORD3249,CUST262,2029-02-27,canceled,North,Maharashtra,Beauty,PROD6460,1,1917,5,Debit Card,1917,287.55000000000007,2029-02
ORD3250,CUST472,2029-02-28,shipped,West,Maharashtra,Beauty,PROD6778,1,2796,10,Debit Card,2796,559.2,2029-02
ORD3251,CUST481,2029-03-01,processing,South,Uttar Pradesh,Electronics,PROD2039,3,4944,0,Net Banking,14832,1483.2,2029-03
ORD3252,CUST389,2029-03-02,canceled,East,Maharashtra,Home & Kitchen,PROD1806,3,2073,20,UPI,6219,1865.7000000000003,2029-03
ORD3253,CUST496,2029-03-03,returned,West,Uttar Pradesh,Books,PROD9497,2,4863,20,Cash on Delivery,9726,2917.8000000000006,2029-03
ORD3254,CUST518,2029-03-04,returned,North,Delhi,Beauty,PROD4448,4,3458,10,Cash on Delivery,13832,2766.4,2029-03
ORD3255,CUST893,2029-03-05,processing,Central,Delhi,Books,PROD6932,4,3017,10,Cash on Delivery,12068,2413.6,2029-03
ORD3256,CUST446,2029-03-06,returned,North,Maharashtra,Fashion,PROD9773,3,644,5,Credit Card,1932,289.80000000000007,2029-03
ORD3257,CUST795,2029-03-07,delivered,Central,Delhi,Sports,PROD4251,2,3841,15,Credit Card,7682,1920.5,2029-03
ORD3258,CUST712,2029-03-08,delivered,West,West Bengal,Fashion,PROD3572,4,4658,15,Credit Card,18632,4658.0,2029-03
ORD3259,CUST153,2029-03-09,returned,East,West Bengal,Electronics,PROD9776,3,941,5,Credit Card,2823,423.45000000000005,2029-03
ORD3260,CUST908,2029-03-10,canceled,West,Uttar Pradesh,Books,PROD7480,1,2241,15,Credit Card,2241,560.25,2029-03
ORD3261,CUST746,2029-03-11,returned,North,Gujarat,Books,PROD4757,4,879,0,Credit Card,3516,351.6,2029-03
ORD3262,CUST762,2029-03-12,returned,North,Karnataka,Home & Kitchen,PROD5754,2,2667,15,Credit Card,5334,1333.5,2029-03
ORD3263,CUST442,2029-03-13,returned,South,Karnataka,Books,PROD3644,2,3897,5,UPI,7794,1169.1000000000001,2029-03
ORD3264,CUST167,2029-03-14,canceled,South,Karnataka,Books,PROD7125,2,1558,15,Credit Card,3116,779.0,2029-03
ORD3265,CUST437,2029-03-15,canceled,Central,Uttar Pradesh,Books,PROD6431,1,262,20,UPI,262,78.60000000000001,2029-03
ORD3266,CUST196,2029-03-16,delivered,North,Maharashtra,Fashion,PROD7773,4,2759,10,UPI,11036,2207.2000000000003,2029-03
ORD3267,CUST671,2029-03-17,processing,South,Gujarat,Books,PROD4532,4,3969,0,Debit Card,15876,1587.6000000000001,2029-03
ORD3268,CUST794,2029-03-18,delivered,South,Uttar Pradesh,Home & Kitchen,PROD5074,1,4551,20,Debit Card,4551,1365.3000000000002,2029-03
ORD3269,CUST495,2029-03-19,canceled,West,Maharashtra,Sports,PROD1223,4,334,20,Debit Card,1336,400.80000000000007,2029-03
ORD3270,CUST390,2029-03-20,canceled,Central,Maharashtra,Books,PROD1591,1,3844,5,UPI,3844,576.6000000000001,2029-03
ORD3271,CUST358,2029-03-21,canceled,East,West Bengal,Books,PROD1328,1,2335,10,Credit Card,2335,467.0,2029-03
ORD3272,CUST841,2029-03-22,canceled,West,West Bengal,Sports,PROD9627,1,3478,10,UPI,3478,695.6,2029-03
ORD3273,CUST972,2029-03-23,canceled,Central,Delhi,Sports,PROD2679,2,1022,0,Cash on Delivery,2044,204.4,2029-03
ORD3274,CUST772,2029-03-24,canceled,Central,Tamil Nadu,Fashion,PROD9216,4,3274,5,UPI,13096,1964.4000000000003,2029-03
ORD3275,CUST717,2029-03-25,shipped,West,Gujarat,Beauty,PROD7519,1,3181,0,Cash on Delivery,3181,318.1,2029-03
ORD3276,CUST994,2029-03-26,shipped,South,Tamil Nadu,Fashion,PROD8944,4,320,15,Net Banking,1280,320.0,2029-03
ORD3277,CUST253,2029-03-27,returned,South,Gujarat,Home & Kitchen,PROD1692,2,1837,20,Net Banking,3674,1102.2000000000003,2029-03
ORD3278,CUST441,2029-03-28,shipped,East,Delhi,Beauty,PROD3571,1,1124,0,UPI,1124,112.4,2029-03
ORD3279,CUST183,2029-03-29,delivered,East,Maharashtra,Beauty,PROD5638,3,844,20,Debit Card,2532,759.6000000000001,2029-03
ORD3280,CUST696,2029-03-30,returned,Central,Maharashtra,Electronics,PROD5939,2,2232,5,UPI,4464,669.6000000000001,2029-03
ORD3281,CUST779,2029-03-31,processing,East,Delhi,Sports,PROD1397,3,2961,15,UPI,8883,2220.75,2029-03
ORD3282,CUST244,2029-04-01,canceled,West,West Bengal,Fashion,PROD4768,4,2268,5,Credit Card,9072,1360.8000000000002,2029-04
ORD3283,CUST458,2029-04-02,shipped,East,Karnataka,Electronics,PROD5051,4,441,15,Cash on Delivery,1764,441.0,2029-04
ORD3284,CUST417,2029-04-03,delivered,North,Karnataka,Home & Kitchen,PROD1553,2,2868,15,Debit Card,5736,1434.0,2029-04
ORD3285,CUST771,2029-04-04,processing,Central,Uttar Pradesh,Electronics,PROD5463,4,1002,20,Debit Card,4008,1202.4,2029-04
ORD3286,CUST815,2029-04-05,canceled,North,West Bengal,Sports,PROD3025,3,4364,5,Debit Card,13092,1963.8000000000002,2029-04
ORD3287,CUST778,2029-04-06,canceled,Central,Delhi,Electronics,PROD7190,1,395,5,Net Banking,395,59.25000000000001,2029-04
ORD3288,CUST501,2029-04-07,processing,Central,Gujarat,Books,PROD7565,1,2387,0,Credit Card,2387,238.70000000000002,2029-04
ORD3289,CUST232,2029-04-08,processing,West,West Bengal,Sports,PROD3149,1,3715,5,Cash on Delivery,3715,557.2500000000001,2029-04
ORD3290,CUST709,2029-04-09,processing,South,Delhi,Beauty,PROD5423,2,2530,0,Cash on Delivery,5060,506.0,2029-04
ORD3291,CUST825,2029-04-10,delivered,East,Uttar Pradesh,Electronics,PROD2391,4,2559,10,Net Banking,10236,2047.2,2029-04
ORD3292,CUST186,2029-04-11,returned,North,Gujarat,Home & Kitchen,PROD2253,3,3806,10,Debit Card,11418,2283.6,2029-04
ORD3293,CUST417,2029-04-12,returned,East,Karnataka,Books,PROD2210,4,476,10,Cash on Delivery,1904,380.8,2029-04
ORD3294,CUST672,2029-04-13,shipped,Central,Karnataka,Electronics,PROD9265,4,260,5,Cash on Delivery,1040,156.00000000000003,2029-04
ORD3295,CUST485,2029-04-14,canceled,North,Gujarat,Home & Kitchen,PROD7805,4,3590,5,Net Banking,14360,2154.0000000000005,2029-04
ORD3296,CUST758,2029-04-15,shipped,North,Gujarat,Home & Kitchen,PROD1330,1,2113,0,UPI,2113,211.3,2029-04
ORD3297,CUST910,2029-04-16,returned,Central,Tamil Nadu,Home & Kitchen,PROD1241,3,4127,15,Debit Card,12381,3095.25,2029-04
ORD3298,CUST436,2029-04-17,processing,East,Tamil Nadu,Fashion,PROD9875,3,2791,0,Credit Card,8373,837.3000000000001,2029-04
ORD3299,CUST932,2029-04-18,canceled,North,Tamil Nadu,Fashion,PROD3487,4,766,10,Debit Card,3064,612.8000000000001,2029-04
ORD3300,CUST230,2029-04-19,returned,East,Maharashtra,Home & Kitchen,PROD2565,1,4135,0,Net Banking,4135,413.5,2029-04
ORD3301,CUST786,2029-04-20,canceled,North,West Bengal,Electronics,PROD7408,1,1771,15,Credit Card,1771,442.75,2029-04
ORD3302,CUST819,2029-04-21,shipped,South,Uttar Pradesh,Electronics,PROD4183,3,4917,5,Credit Card,14751,2212.6500000000005,2029-04
ORD3303,CUST948,2029-04-22,returned,West,Karnataka,Beauty,PROD6114,1,1400,0,Debit Card,1400,140.0,2029-04
ORD3304,CUST856,2029-04-23,shipped,Central,Gujarat,Fashion,PROD6303,1,4609,10,Net Banking,4609,921.8000000000001,2029-04
ORD3305,CUST801,2029-04-24,canceled,West,West Bengal,Beauty,PROD7965,1,3054,10,Net Banking,3054,610.8000000000001,2029-04
ORD3306,CUST639,2029-04-25,delivered,East,Maharashtra,Electronics,PROD9394,2,3095,5,Net Banking,6190,928.5000000000001,2029-04
ORD3307,CUST195,2029-04-26,processing,West,Delhi,Electronics,PROD1383,4,1436,0,Net Banking,5744,574.4,2029-04
ORD3308,CUST761,2029-04-27,shipped,West,Uttar Pradesh,Fashion,PROD5950,3,336,15,Debit Card,1008,252.0,2029-04
ORD3309,CUST786,2029-04-28,canceled,West,Maharashtra,Sports,PROD5490,3,1229,5,Credit Card,3687,553.0500000000001,2029-04
ORD3310,CUST533,2029-04-29,returned,West,Maharashtra,Books,PROD8518,2,2356,0,Cash on Delivery,4712,471.20000000000005,2029-04
ORD3311,CUST620,2029-04-30,shipped,Central,Delhi,Home & Kitchen,PROD4320,4,2794,20,UPI,11176,3352.8000000000006,2029-04
ORD3312,CUST470,2029-05-01,canceled,South,Maharashtra,Sports,PROD2633,3,861,10,Net Banking,2583,516.6,2029-05
ORD3313,CUST118,2029-05-02,delivered,South,Maharashtra,Beauty,PROD5329,1,2672,15,Cash on Delivery,2672,668.0,2029-05
ORD3314,CUST471,2029-05-03,shipped,West,Tamil Nadu,Electronics,PROD8723,3,2877,15,Cash on Delivery,8631,2157.75,2029-05
ORD3315,CUST416,2029-05-04,canceled,South,West Bengal,Sports,PROD7169,1,2508,15,Debit Card,2508,627.0,2029-05
ORD3316,CUST284,2029-05-05,shipped,South,Delhi,Home & Kitchen,PROD5771,2,286,10,Net Banking,572,114.4,2029-05
ORD3317,CUST319,2029-05-06,canceled,Central,Delhi,Books,PROD8037,1,2712,0,Credit Card,2712,271.2,2029-05
ORD3318,CUST449,2029-05-07,processing,West,West Bengal,Sports,PROD2524,3,3142,5,Net Banking,9426,1413.9000000000003,2029-05
ORD3319,CUST884,2029-05-08,canceled,East,Delhi,Home & Kitchen,PROD4641,3,2973,0,Cash on Delivery,8919,891.9000000000001,2029-05
ORD3320,CUST597,2029-05-09,canceled,West,Gujarat,Sports,PROD7657,3,2704,5,UPI,8112,1216.8000000000002,2029-05
ORD3321,CUST296,2029-05-10,canceled,South,West Bengal,Home & Kitchen,PROD5563,2,3510,15,UPI,7020,1755.0,2029-05
ORD3322,CUST331,2029-05-11,returned,East,West Bengal,Sports,PROD8919,2,1900,0,Credit Card,3800,380.0,2029-05
ORD3323,CUST240,2029-05-12,canceled,South,Uttar Pradesh,Electronics,PROD5659,4,3870,15,UPI,15480,3870.0,2029-05
ORD3324,CUST258,2029-05-13,processing,South,West Bengal,Electronics,PROD9736,3,2900,20,Credit Card,8700,2610.0000000000005,2029-05
ORD3325,CUST179,2029-05-14,delivered,North,Delhi,Fashion,PROD9300,1,3829,15,Debit Card,3829,957.25,2029-05
ORD3326,CUST402,2029-05-15,processing,North,Karnataka,Home & Kitchen,PROD5007,2,4790,15,Debit Card,9580,2395.0,2029-05
ORD3327,CUST964,2029-05-16,delivered,North,Uttar Pradesh,Beauty,PROD7265,3,1847,5,Cash on Delivery,5541,831.1500000000001,2029-05
ORD3328,CUST907,2029-05-17,returned,South,Gujarat,Fashion,PROD1282,3,3518,20,UPI,10554,3166.2000000000003,2029-05
ORD3329,CUST203,2029-05-18,returned,West,Uttar Pradesh,Home & Kitchen,PROD9143,2,3887,15,Net Banking,7774,1943.5,2029-05
ORD3330,CUST619,2029-05-19,returned,West,Karnataka,Books,PROD7449,4,796,15,Debit Card,3184,796.0,2029-05
ORD3331,CUST889,2029-05-20,delivered,South,West Bengal,Books,PROD7106,2,4745,20,Credit Card,9490,2847.0000000000005,2029-05
ORD3332,CUST652,2029-05-21,processing,North,West Bengal,Sports,PROD9955,2,684,20,Debit Card,1368,410.40000000000003,2029-05
ORD3333,CUST955,2029-05-22,shipped,South,West Bengal,Sports,PROD2774,1,845,0,UPI,845,84.5,2029-05
ORD3334,CUST856,2029-05-23,returned,West,West Bengal,Sports,PROD8409,1,3289,5,UPI,3289,493.3500000000001,2029-05
ORD3335,CUST639,2029-05-24,delivered,West,Delhi,Beauty,PROD4671,4,4957,20,Credit Card,19828,5948.400000000001,2029-05
ORD3336,CUST138,2029-05-25,processing,Central,Gujarat,Beauty,PROD1407,3,4584,20,UPI,13752,4125.6,2029-05
ORD3337,CUST777,2029-05-26,returned,West,Karnataka,Sports,PROD7510,2,920,10,Cash on Delivery,1840,368.0,2029-05
ORD3338,CUST444,2029-05-27,canceled,Central,Maharashtra,Fashion,PROD4802,4,4933,20,Net Banking,19732,5919.600000000001,2029-05
ORD3339,CUST997,2029-05-28,processing,South,Tamil Nadu,Home & Kitchen,PROD8325,1,698,5,Credit Card,698,104.70000000000002,2029-05
ORD3340,CUST884,2029-05-29,delivered,West,Tamil Nadu,Electronics,PROD7059,2,4929,15,Cash on Delivery,9858,2464.5,2029-05
ORD3341,CUST732,2029-05-30,shipped,Central,Maharashtra,Books,PROD8811,3,1873,15,Cash on Delivery,5619,1404.75,2029-05
ORD3342,CUST234,2029-05-31,shipped,West,Tamil Nadu,Sports,PROD2785,1,3267,15,Net Banking,3267,816.75,2029-05
ORD3343,CUST711,2029-06-01,shipped,Central,Maharashtra,Books,PROD6089,1,314,15,Debit Card,314,78.5,2029-06
ORD3344,CUST485,2029-06-02,canceled,West,Gujarat,Fashion,PROD6446,1,3179,10,UPI,3179,635.8000000000001,2029-06
ORD3345,CUST257,2029-06-03,processing,West,Maharashtra,Books,PROD3355,4,4969,20,UPI,19876,5962.800000000001,2029-06
ORD3346,CUST266,2029-06-04,returned,East,West Bengal,Fashion,PROD2370,3,1936,15,Debit Card,5808,1452.0,2029-06
ORD3347,CUST285,2029-06-05,processing,South,Tamil Nadu,Fashion,PROD2562,2,3811,0,Cash on Delivery,7622,762.2,2029-06
ORD3348,CUST951,2029-06-06,shipped,South,Gujarat,Beauty,PROD3773,4,2453,15,UPI,9812,2453.0,2029-06
ORD3349,CUST809,2029-06-07,canceled,West,Maharashtra,Sports,PROD4402,4,2494,20,Cash on Delivery,9976,2992.8000000000006,2029-06
ORD3350,CUST889,2029-06-08,shipped,Central,Tamil Nadu,Books,PROD9025,4,3830,15,Credit Card,15320,3830.0,2029-06
ORD3351,CUST739,2029-06-09,delivered,North,Delhi,Home & Kitchen,PROD5095,1,346,10,Net Banking,346,69.2,2029-06
ORD3352,CUST928,2029-06-10,processing,Central,West Bengal,Electronics,PROD2374,3,4182,5,UPI,12546,1881.9000000000003,2029-06
ORD3353,CUST269,2029-06-11,canceled,West,Tamil Nadu,Books,PROD3315,4,3653,5,Debit Card,14612,2191.8,2029-06
ORD3354,CUST838,2029-06-12,shipped,South,West Bengal,Books,PROD7605,2,4707,20,Credit Card,9414,2824.2000000000003,2029-06
ORD3355,CUST548,2029-06-13,canceled,Central,Tamil Nadu,Home & Kitchen,PROD8758,3,2610,5,Debit Card,7830,1174.5000000000002,2029-06
ORD3356,CUST144,2029-06-14,delivered,East,Delhi,Books,PROD9575,2,336,5,UPI,672,100.80000000000001,2029-06
ORD3357,CUST520,2029-06-15,delivered,West,Gujarat,Fashion,PROD4808,3,3560,0,UPI,10680,1068.0,2029-06
ORD3358,CUST473,2029-06-16,processing,Central,West Bengal,Books,PROD1965,2,3205,20,Net Banking,6410,1923.0000000000002,2029-06
ORD3359,CUST792,2029-06-17,canceled,Central,Gujarat,Sports,PROD9084,1,3752,20,Net Banking,3752,1125.6000000000001,2029-06
ORD3360,CUST836,2029-06-18,shipped,East,Gujarat,Beauty,PROD5129,4,218,5,UPI,872,130.8,2029-06
ORD3361,CUST343,2029-06-19,shipped,North,Uttar Pradesh,Books,PROD7747,2,2442,5,Credit Card,4884,732.6000000000001,2029-06
ORD3362,CUST554,2029-06-20,returned,North,Tamil Nadu,Beauty,PROD6102,3,648,5,UPI,1944,291.6,2029-06
ORD3363,CUST725,2029-06-21,shipped,Central,Maharashtra,Fashion,PROD6535,4,2148,10,Net Banking,8592,1718.4,2029-06
ORD3364,CUST391,2029-06-22,processing,West,Karnataka,Beauty,PROD3467,4,1145,15,Credit Card,4580,1145.0,2029-06
ORD3365,CUST870,2029-06-23,delivered,East,Gujarat,Home & Kitchen,PROD1598,3,4436,10,UPI,13308,2661.6000000000004,2029-06
ORD3366,CUST866,2029-06-24,shipped,North,Delhi,Beauty,PROD6266,2,2120,20,Cash on Delivery,4240,1272.0000000000002,2029-06
ORD3367,CUST902,2029-06-25,returned,Central,Tamil Nadu,Sports,PROD7660,1,3177,0,Credit Card,3177,317.70000000000005,2029-06
ORD3368,CUST559,2029-06-26,processing,West,Delhi,Home & Kitchen,PROD1091,1,4388,15,Debit Card,4388,1097.0,2029-06
ORD3369,CUST339,2029-06-27,processing,North,Delhi,Home & Kitchen,PROD5393,2,4215,0,Cash on Delivery,8430,843.0,2029-06
ORD3370,CUST646,2029-06-28,processing,South,Maharashtra,Beauty,PROD4427,4,438,20,Credit Card,1752,525.6,2029-06
ORD3371,CUST344,2029-06-29,processing,Central,Maharashtra,Sports,PROD9007,4,404,20,Cash on Delivery,1616,484.80000000000007,2029-06
ORD3372,CUST416,2029-06-30,processing,East,Tamil Nadu,Books,PROD9938,4,2807,0,Credit Card,11228,1122.8,2029-06
ORD3373,CUST928,2029-07-01,processing,West,Tamil Nadu,Fashion,PROD9188,4,4540,0,UPI,18160,1816.0,2029-07
ORD3374,CUST903,2029-07-02,delivered,Central,West Bengal,Home & Kitchen,PROD6128,2,3588,0,Net Banking,7176,717.6,2029-07
ORD3375,CUST580,2029-07-03,delivered,North,West Bengal,Books,PROD4862,4,3172,20,Debit Card,12688,3806.4000000000005,2029-07
ORD3376,CUST955,2029-07-04,returned,Central,Delhi,Electronics,PROD6272,3,4590,5,Net Banking,13770,2065.5000000000005,2029-07
ORD3377,CUST298,2029-07-05,shipped,Central,Delhi,Home & Kitchen,PROD8559,4,2887,0,Net Banking,11548,1154.8,2029-07
ORD3378,CUST476,2029-07-06,canceled,North,Delhi,Beauty,PROD8913,1,4366,15,Net Banking,4366,1091.5,2029-07
ORD3379,CUST794,2029-07-07,delivered,South,Maharashtra,Home & Kitchen,PROD9428,4,1548,20,Credit Card,6192,1857.6000000000004,2029-07
ORD3380,CUST684,2029-07-08,canceled,West,Gujarat,Electronics,PROD2334,2,4600,10,UPI,9200,1840.0,2029-07
ORD3381,CUST551,2029-07-09,returned,North,Delhi,Books,PROD2721,1,1016,10,Net Banking,1016,203.20000000000002,2029-07
ORD3382,CUST572,2029-07-10,shipped,Central,Uttar Pradesh,Electronics,PROD7974,2,1020,15,UPI,2040,510.0,2029-07
ORD3383,CUST887,2029-07-11,delivered,Central,Tamil Nadu,Electronics,PROD2269,2,392,5,UPI,784,117.60000000000002,2029-07
ORD3384,CUST388,2029-07-12,delivered,East,Tamil Nadu,Books,PROD7155,1,1976,0,Cash on Delivery,1976,197.60000000000002,2029-07
ORD3385,CUST896,2029-07-13,shipped,Central,Karnataka,Fashion,PROD3085,2,3845,20,Net Banking,7690,2307.0000000000005,2029-07
ORD3386,CUST491,2029-07-14,shipped,North,Uttar Pradesh,Electronics,PROD1223,2,4824,0,Net Banking,9648,964.8000000000001,2029-07
ORD3387,CUST614,2029-07-15,canceled,East,Gujarat,Fashion,PROD3655,4,450,20,UPI,1800,540.0000000000001,2029-07
ORD3388,CUST640,2029-07-16,canceled,Central,Gujarat,Sports,PROD9518,3,1988,10,Debit Card,5964,1192.8,2029-07
ORD3389,CUST528,2029-07-17,shipped,North,Delhi,Electronics,PROD2990,2,3900,0,UPI,7800,780.0,2029-07
ORD3390,CUST265,2029-07-18,delivered,West,Maharashtra,Electronics,PROD3722,2,2663,15,UPI,5326,1331.5,2029-07
ORD3391,CUST936,2029-07-19,processing,West,Karnataka,Books,PROD4233,2,1367,5,Cash on Delivery,2734,410.1000000000001,2029-07
ORD3392,CUST304,2029-07-20,returned,Central,Maharashtra,Home & Kitchen,PROD8169,4,4093,15,Debit Card,16372,4093.0,2029-07
ORD3393,CUST920,2029-07-21,returned,West,Maharashtra,Sports,PROD2862,3,1296,5,Net Banking,3888,583.2,2029-07
ORD3394,CUST719,2029-07-22,canceled,Central,West Bengal,Beauty,PROD1639,1,2879,0,UPI,2879,287.90000000000003,2029-07
ORD3395,CUST241,2029-07-23,shipped,East,Gujarat,Electronics,PROD7949,4,2047,0,UPI,8188,818.8000000000001,2029-07
ORD3396,CUST993,2029-07-24,delivered,West,West Bengal,Beauty,PROD9113,4,4104,5,Credit Card,16416,2462.4000000000005,2029-07
ORD3397,CUST356,2029-07-25,delivered,East,Delhi,Books,PROD3797,3,704,10,Net Banking,2112,422.40000000000003,2029-07
ORD3398,CUST153,2029-07-26,canceled,East,Delhi,Sports,PROD9594,3,1821,20,Credit Card,5463,1638.9000000000003,2029-07
ORD3399,CUST756,2029-07-27,canceled,East,Gujarat,Books,PROD8982,4,2672,15,UPI,10688,2672.0,2029-07
ORD3400,CUST592,2029-07-28,processing,South,Delhi,Fashion,PROD3291,1,2746,15,Cash on Delivery,2746,686.5,2029-07
ORD3401,CUST995,2029-07-29,returned,North,West Bengal,Beauty,PROD9963,4,1587,15,Credit Card,6348,1587.0,2029-07
ORD3402,CUST480,2029-07-30,returned,Central,Uttar Pradesh,Beauty,PROD7850,3,3194,0,Credit Card,9582,958.2,2029-07
ORD3403,CUST667,2029-07-31,returned,East,Uttar Pradesh,Sports,PROD7543,1,4016,15,Debit Card,4016,1004.0,2029-07
ORD3404,CUST205,2029-08-01,canceled,Central,West Bengal,Books,PROD1151,3,917,20,Credit Card,2751,825.3000000000001,2029-08
ORD3405,CUST828,2029-08-02,processing,East,Uttar Pradesh,Books,PROD5861,1,3684,20,Debit Card,3684,1105.2000000000003,2029-08
ORD3406,CUST966,2029-08-03,shipped,North,Karnataka,Sports,PROD2926,2,4634,5,Credit Card,9268,1390.2000000000003,2029-08
ORD3407,CUST628,2029-08-04,canceled,West,Maharashtra,Books,PROD8134,3,858,0,Debit Card,2574,257.40000000000003,2029-08
ORD3408,CUST971,2029-08-05,processing,Central,Delhi,Electronics,PROD5820,3,4208,20,UPI,12624,3787.2000000000007,2029-08
ORD3409,CUST227,2029-08-06,canceled,South,Delhi,Beauty,PROD5441,4,4724,10,Credit Card,18896,3779.2000000000003,2029-08
ORD3410,CUST391,2029-08-07,shipped,Central,Delhi,Electronics,PROD9560,3,4434,0,Debit Card,13302,1330.2,2029-08
ORD3411,CUST185,2029-08-08,shipped,North,Uttar Pradesh,Sports,PROD6281,3,3964,0,Cash on Delivery,11892,1189.2,2029-08
ORD3412,CUST881,2029-08-09,processing,East,Uttar Pradesh,Fashion,PROD7088,2,3189,20,Debit Card,6378,1913.4000000000003,2029-08
ORD3413,CUST264,2029-08-10,delivered,Central,West Bengal,Books,PROD3718,3,4837,10,Credit Card,14511,2902.2000000000003,2029-08
ORD3414,CUST379,2029-08-11,shipped,North,Uttar Pradesh,Electronics,PROD3318,2,2304,5,Credit Card,4608,691.2,2029-08
ORD3415,CUST560,2029-08-12,shipped,East,West Bengal,Books,PROD5754,2,1455,20,Credit Card,2910,873.0000000000001,2029-08
ORD3416,CUST625,2029-08-13,shipped,West,Gujarat,Beauty,PROD9572,2,2682,10,Credit Card,5364,1072.8,2029-08
ORD3417,CUST250,2029-08-14,shipped,North,Gujarat,Books,PROD4349,2,583,0,UPI,1166,116.60000000000001,2029-08
ORD3418,CUST950,2029-08-15,delivered,South,Delhi,Sports,PROD7082,1,2807,10,Cash on Delivery,2807,561.4,2029-08
ORD3419,CUST547,2029-08-16,returned,Central,Tamil Nadu,Books,PROD9509,4,393,0,Credit Card,1572,157.20000000000002,2029-08
ORD3420,CUST193,2029-08-17,returned,North,West Bengal,Home & Kitchen,PROD5116,1,4007,20,Debit Card,4007,1202.1000000000001,2029-08
ORD3421,CUST327,2029-08-18,shipped,East,Maharashtra,Fashion,PROD8735,3,3919,20,Cash on Delivery,11757,3527.1000000000004,2029-08
ORD3422,CUST936,2029-08-19,delivered,East,Uttar Pradesh,Books,PROD8583,1,2781,15,Net Banking,2781,695.25,2029-08
ORD3423,CUST561,2029-08-20,canceled,South,Maharashtra,Books,PROD4450,1,2765,15,UPI,2765,691.25,2029-08
ORD3424,CUST457,2029-08-21,delivered,Central,Delhi,Sports,PROD6409,3,2963,15,Credit Card,8889,2222.25,2029-08
ORD3425,CUST127,2029-08-22,processing,East,Uttar Pradesh,Books,PROD3217,3,2998,20,Cash on Delivery,8994,2698.2000000000003,2029-08
ORD3426,CUST524,2029-08-23,canceled,East,Karnataka,Sports,PROD3690,3,2539,5,Credit Card,7617,1142.5500000000002,2029-08
ORD3427,CUST154,2029-08-24,returned,East,Uttar Pradesh,Electronics,PROD9591,1,3606,20,Credit Card,3606,1081.8000000000002,2029-08
ORD3428,CUST505,2029-08-25,returned,North,Maharashtra,Sports,PROD8763,1,931,10,Debit Card,931,186.20000000000002,2029-08
ORD3429,CUST614,2029-08-26,delivered,North,Karnataka,Beauty,PROD1160,3,3072,20,Debit Card,9216,2764.8,2029-08
ORD3430,CUST482,2029-08-27,returned,Central,West Bengal,Fashion,PROD6205,4,3320,20,Credit Card,13280,3984.0000000000005,2029-08
ORD3431,CUST341,2029-08-28,delivered,South,Delhi,Books,PROD7820,4,4980,0,Debit Card,19920,1992.0,2029-08
ORD3432,CUST495,2029-08-29,delivered,Central,Delhi,Sports,PROD3936,2,4377,0,Credit Card,8754,875.4000000000001,2029-08
ORD3433,CUST183,2029-08-30,delivered,South,Maharashtra,Fashion,PROD3463,3,2804,0,Credit Card,8412,841.2,2029-08
ORD3434,CUST483,2029-08-31,delivered,West,Delhi,Fashion,PROD8708,2,2582,20,Credit Card,5164,1549.2000000000003,2029-08
ORD3435,CUST329,2029-09-01,delivered,East,Uttar Pradesh,Electronics,PROD2098,4,731,5,Net Banking,2924,438.6000000000001,2029-09
ORD3436,CUST128,2029-09-02,processing,South,West Bengal,Home & Kitchen,PROD1091,2,4516,10,Debit Card,9032,1806.4,2029-09
ORD3437,CUST426,2029-09-03,processing,East,Karnataka,Fashion,PROD6109,3,834,10,Debit Card,2502,500.40000000000003,2029-09
ORD3438,CUST201,2029-09-04,processing,South,Delhi,Sports,PROD4074,3,1969,5,Credit Card,5907,886.0500000000002,2029-09
ORD3439,CUST959,2029-09-05,delivered,West,West Bengal,Home & Kitchen,PROD4264,3,4004,5,Credit Card,12012,1801.8000000000002,2029-09
ORD3440,CUST831,2029-09-06,returned,South,Delhi,Electronics,PROD2537,1,2570,10,Net Banking,2570,514.0,2029-09
ORD3441,CUST765,2029-09-07,canceled,Central,Maharashtra,Beauty,PROD9810,2,202,15,UPI,404,101.0,2029-09
ORD3442,CUST443,2029-09-08,processing,North,Tamil Nadu,Beauty,PROD8513,4,405,0,Cash on Delivery,1620,162.0,2029-09
ORD3443,CUST910,2029-09-09,shipped,East,Karnataka,Beauty,PROD6423,4,4335,0,Debit Card,17340,1734.0,2029-09
ORD3444,CUST249,2029-09-10,shipped,North,West Bengal,Fashion,PROD2551,4,2821,10,Net Banking,11284,2256.8,2029-09
ORD3445,CUST240,2029-09-11,delivered,South,Tamil Nadu,Home & Kitchen,PROD2001,1,4939,5,Debit Card,4939,740.8500000000001,2029-09
ORD3446,CUST139,2029-09-12,canceled,Central,Delhi,Electronics,PROD8679,1,3090,15,Net Banking,3090,772.5,2029-09
ORD3447,CUST393,2029-09-13,processing,South,Karnataka,Home & Kitchen,PROD3563,3,3393,10,Cash on Delivery,10179,2035.8000000000002,2029-09
ORD3448,CUST949,2029-09-14,delivered,West,Delhi,Books,PROD2093,4,2866,0,Debit Card,11464,1146.4,2029-09
ORD3449,CUST583,2029-09-15,returned,West,Tamil Nadu,Fashion,PROD6741,1,3506,20,Net Banking,3506,1051.8000000000002,2029-09
ORD3450,CUST812,2029-09-16,canceled,West,Uttar Pradesh,Sports,PROD4703,3,1097,5,UPI,3291,493.6500000000001,2029-09
ORD3451,CUST951,2029-09-17,returned,South,Tamil Nadu,Electronics,PROD6651,4,1285,20,Cash on Delivery,5140,1542.0000000000002,2029-09
ORD3452,CUST242,2029-09-18,returned,West,Uttar Pradesh,Home & Kitchen,PROD1231,2,1479,10,Credit Card,2958,591.6,2029-09
ORD3453,CUST877,2029-09-19,shipped,South,West Bengal,Home & Kitchen,PROD4156,3,870,0,Net Banking,2610,261.0,2029-09
ORD3454,CUST822,2029-09-20,processing,South,Karnataka,Beauty,PROD5498,1,1705,15,Debit Card,1705,426.25,2029-09
ORD3455,CUST580,2029-09-21,delivered,Central,Uttar Pradesh,Home & Kitchen,PROD5656,1,3775,20,Cash on Delivery,3775,1132.5000000000002,2029-09
ORD3456,CUST559,2029-09-22,returned,East,Gujarat,Home & Kitchen,PROD7982,3,2155,15,Credit Card,6465,1616.25,2029-09
ORD3457,CUST730,2029-09-23,returned,North,Gujarat,Fashion,PROD6009,3,449,0,Credit Card,1347,134.70000000000002,2029-09
ORD3458,CUST105,2029-09-24,delivered,East,West Bengal,Electronics,PROD7017,1,2092,20,Debit Card,2092,627.6000000000001,2029-09
ORD3459,CUST181,2029-09-25,canceled,North,West Bengal,Books,PROD7607,2,3639,15,Debit Card,7278,1819.5,2029-09
ORD3460,CUST119,2029-09-26,delivered,North,Delhi,Books,PROD5173,4,2053,15,UPI,8212,2053.0,2029-09
ORD3461,CUST362,2029-09-27,delivered,South,Tamil Nadu,Sports,PROD9864,2,3054,20,Debit Card,6108,1832.4000000000003,2029-09
ORD3462,CUST320,2029-09-28,processing,West,Karnataka,Beauty,PROD4319,3,1703,0,Cash on Delivery,5109,510.90000000000003,2029-09
ORD3463,CUST955,2029-09-29,shipped,West,West Bengal,Fashion,PROD2269,2,3585,15,Cash on Delivery,7170,1792.5,2029-09
ORD3464,CUST253,2029-09-30,returned,West,West Bengal,Home & Kitchen,PROD3497,1,3771,10,Debit Card,3771,754.2,2029-09
ORD3465,CUST661,2029-10-01,shipped,East,Delhi,Books,PROD2687,3,3992,20,Credit Card,11976,3592.8000000000006,2029-10
ORD3466,CUST844,2029-10-02,canceled,West,Delhi,Sports,PROD4546,4,3626,5,Credit Card,14504,2175.6000000000004,2029-10
ORD3467,CUST723,2029-10-03,returned,Central,Gujarat,Electronics,PROD5587,1,243,5,Debit Card,243,36.45,2029-10
ORD3468,CUST640,2029-10-04,shipped,South,West Bengal,Beauty,PROD3921,1,3812,0,Debit Card,3812,381.20000000000005,2029-10
ORD3469,CUST533,2029-10-05,canceled,West,West Bengal,Sports,PROD5307,4,2818,10,UPI,11272,2254.4,2029-10
ORD3470,CUST213,2029-10-06,processing,West,West Bengal,Beauty,PROD2676,4,4878,15,Debit Card,19512,4878.0,2029-10
ORD3471,CUST894,2029-10-07,canceled,West,Karnataka,Electronics,PROD3075,2,3363,5,Debit Card,6726,1008.9000000000002,2029-10
ORD3472,CUST395,2029-10-08,shipped,East,Gujarat,Home & Kitchen,PROD9557,3,1488,0,Net Banking,4464,446.40000000000003,2029-10
ORD3473,CUST343,2029-10-09,delivered,South,Delhi,Electronics,PROD7274,4,3142,10,Cash on Delivery,12568,2513.6000000000004,2029-10
ORD3474,CUST408,2029-10-10,returned,Central,Gujarat,Sports,PROD6409,4,419,10,UPI,1676,335.20000000000005,2029-10
ORD3475,CUST224,2029-10-11,processing,West,Gujarat,Beauty,PROD5542,3,2125,0,Cash on Delivery,6375,637.5,2029-10
ORD3476,CUST148,2029-10-12,shipped,North,Tamil Nadu,Home & Kitchen,PROD8756,4,3172,0,Net Banking,12688,1268.8000000000002,2029-10
ORD3477,CUST344,2029-10-13,processing,East,Uttar Pradesh,Home & Kitchen,PROD4429,4,3713,15,Cash on Delivery,14852,3713.0,2029-10
ORD3478,CUST529,2029-10-14,canceled,West,Tamil Nadu,Home & Kitchen,PROD3754,2,2648,0,UPI,5296,529.6,2029-10
ORD3479,CUST754,2029-10-15,shipped,West,Karnataka,Electronics,PROD1043,1,3671,15,Debit Card,3671,917.75,2029-10
ORD3480,CUST912,2029-10-16,delivered,East,West Bengal,Electronics,PROD4798,1,2974,15,Net Banking,2974,743.5,2029-10
ORD3481,CUST737,2029-10-17,delivered,Central,West Bengal,Home & Kitchen,PROD4546,1,1190,20,UPI,1190,357.00000000000006,2029-10
ORD3482,CUST568,2029-10-18,delivered,North,Maharashtra,Books,PROD2496,1,3146,10,UPI,3146,629.2,2029-10
ORD3483,CUST164,2029-10-19,delivered,North,West Bengal,Fashion,PROD3400,4,2012,10,Debit Card,8048,1609.6000000000001,2029-10
ORD3484,CUST213,2029-10-20,returned,Central,Delhi,Beauty,PROD3348,3,1003,10,Cash on Delivery,3009,601.8000000000001,2029-10
ORD3485,CUST956,2029-10-21,processing,East,Tamil Nadu,Home & Kitchen,PROD3700,3,689,20,Credit Card,2067,620.1000000000001,2029-10
ORD3486,CUST611,2029-10-22,shipped,West,Tamil Nadu,Electronics,PROD8790,2,3756,15,UPI,7512,1878.0,2029-10
ORD3487,CUST711,2029-10-23,delivered,Central,Tamil Nadu,Electronics,PROD1004,2,1693,15,UPI,3386,846.5,2029-10
ORD3488,CUST648,2029-10-24,returned,East,Tamil Nadu,Beauty,PROD6297,4,3845,0,Debit Card,15380,1538.0,2029-10
ORD3489,CUST116,2029-10-25,delivered,East,Uttar Pradesh,Beauty,PROD2274,3,3091,20,Credit Card,9273,2781.9000000000005,2029-10
ORD3490,CUST747,2029-10-26,delivered,East,Delhi,Fashion,PROD1855,3,1905,0,Credit Card,5715,571.5,2029-10
ORD3491,CUST627,2029-10-27,canceled,East,Maharashtra,Electronics,PROD3244,1,3716,20,Credit Card,3716,1114.8000000000002,2029-10
ORD3492,CUST688,2029-10-28,shipped,North,Gujarat,Sports,PROD9383,4,3540,0,Net Banking,14160,1416.0,2029-10
ORD3493,CUST347,2029-10-29,processing,East,Delhi,Sports,PROD8203,4,253,5,UPI,1012,151.8,2029-10
ORD3494,CUST835,2029-10-30,canceled,Central,Delhi,Fashion,PROD7969,1,2775,10,Credit Card,2775,555.0,2029-10
ORD3495,CUST247,2029-10-31,canceled,West,Karnataka,Beauty,PROD8728,4,3791,10,Cash on Delivery,15164,3032.8,2029-10
ORD3496,CUST398,2029-11-01,processing,West,Tamil Nadu,Electronics,PROD6359,4,815,15,Net Banking,3260,815.0,2029-11
ORD3497,CUST539,2029-11-02,delivered,South,Tamil Nadu,Beauty,PROD5957,2,1154,5,Credit Card,2308,346.20000000000005,2029-11
ORD3498,CUST101,2029-11-03,delivered,Central,Uttar Pradesh,Electronics,PROD9198,3,2633,10,Net Banking,7899,1579.8000000000002,2029-11
ORD3499,CUST729,2029-11-04,shipped,South,Maharashtra,Fashion,PROD2921,4,1829,15,Credit Card,7316,1829.0,2029-11
